Area (cm2),1.33,,,,,,
Electrolyte ,KHSO4,,,,,,
Conc (M),1,,,,,,
Loading (mg/cm2),1,,,,,,
pH initial vs final,0.30,8.25,,,,,
ZIR (Ohm),6.654,5.517,,,,,
Ref,Ag/AgCl,,,,,,
V,,,,,,,
CO2 Flow Rate input vs output (mL/min),50,53,,,,,
Electrolyte Flow Rate (mL/min),1,,,,,,
Type,CP,,,,,,
,,,,,,,
t (s),i (mA),Ewe (V),Ecell (V),,,,
29.99979924,0,-0.15410033,0.6822415,,,,
29.99999924,-130.92784,-1.0217711,2.0459054,,,,
30.00039924,-218.57487,-1.6994653,3.1662445,,,,
30.00179924,-261.38696,-2.2088561,3.9770756,,,,
30.00939924,-265.42505,-2.712574,4.3274412,,,,
30.08999924,-266.11588,-3.2141271,4.5554399,,,,
35.08999911,-266.22653,-3.3900974,4.404655,,,,
40.08999899,-266.14258,-3.3197672,4.4416294,,,,
45.08999886,-266.17313,-3.285778,4.438365,,,,
49.51419875,-266.17313,-2.7818313,4.9766283,,,,
49.59319875,-266.18839,-2.2766781,5.4799099,,,,
49.82639874,-266.14261,-2.7775173,4.9797554,,,,
49.90479874,-266.1235,-3.2823842,4.4745498,,,,
52.16699868,-266.15405,-3.7849834,3.9081089,,,,
52.63839867,-266.15021,-3.2836516,4.4019403,,,,
57.63839854,-266.14258,-3.2936807,4.4100504,,,,
62.63839842,-266.13876,-3.3755519,4.3439355,,,,
67.63839829,-266.17313,-3.2774746,4.4537601,,,,
72.63839816,-266.15405,-3.22295,4.3939681,,,,
77.63839804,-266.13113,-3.3271585,4.3073387,,,,
82.63839791,-266.1922,-3.3341181,4.3308086,,,,
87.63839779,-266.19983,-3.209672,4.4915938,,,,
92.63839766,-266.18076,-3.2419508,4.3179226,,,,
97.63839753,-266.21512,-3.308799,4.2787485,,,,
102.6383974,-266.19604,-3.2747295,4.3942432,,,,
107.6383973,-266.18457,-3.1854064,4.5195994,,,,
112.6383972,-266.1922,-3.1702461,4.3843808,,,,
117.638397,-266.13495,-3.2519341,4.3131461,,,,
122.6383969,-266.24564,-3.2721641,4.2453136,,,,
127.6383968,-266.17694,-3.2694268,4.2630105,,,,
132.6383966,-266.18076,-3.1877964,4.3603268,,,,
137.6383965,-266.19986,-3.1364441,4.3757901,,,,
142.6383964,-266.21512,-3.0282309,4.4521103,,,,
147.6383963,-266.20367,-3.2094429,4.2920818,,,,
152.6383961,-266.22275,-3.2543659,4.3277159,,,,
157.638396,-266.19604,-3.1472216,4.3247266,,,,
162.6383959,-266.21512,-3.145519,4.3549662,,,,
167.6383958,-266.18076,-3.2242823,4.3065486,,,,
172.6383956,-266.1655,-3.149684,4.2996073,,,,
177.6383955,-266.23419,-3.1011379,4.3941746,,,,
182.6383954,-266.21893,-3.1886821,4.3976107,,,,
187.6383953,-266.18839,-3.2286804,4.2833877,,,,
192.6383951,-266.22656,-3.1289959,4.4127302,,,,
197.638395,-266.24945,-3.1041729,4.4767489,,,,
202.6383949,-266.23419,-3.1997993,4.326479,,,,
207.6383948,-266.22656,-3.1663139,4.4109778,,,,
212.6383946,-266.19986,-3.092674,4.5419354,,,,
217.6383945,-266.18839,-3.1973407,4.4330735,,,,
222.6383944,-266.20367,-3.161412,4.5281215,,,,
227.6383942,-266.14642,-3.0795677,4.6417947,,,,
232.6383941,-266.18839,-3.1730485,4.5359221,,,,
237.638394,-266.16931,-3.1786568,4.4143796,,,,
242.6383939,-266.20367,-3.0820148,4.6119332,,,,
247.6383937,-266.1655,-3.1691086,4.4203243,,,,
252.6383936,-266.19604,-3.1514859,4.3857555,,,,
257.6383935,-266.20749,-3.0781093,4.5740652,,,,
262.6383934,-266.14261,-3.1847079,4.5091534,,,,
267.6383932,-266.14258,-3.1125414,4.5810752,,,,
272.6383931,-266.17694,-3.0899863,4.6530657,,,,
277.638393,-266.16168,-3.2006812,4.3814602,,,,
282.6383929,-266.1922,-3.0792432,4.5022802,,,,
287.6383927,-266.15787,-3.154731,4.4889822,,,,
292.6383926,-266.1655,-3.1184857,4.6115894,,,,
297.6383925,-266.1655,-3.0643122,4.8111701,,,,
302.6383924,-266.20749,-3.1745946,4.4685702,,,,
307.6383922,-266.19601,-3.0808506,4.5769172,,,,
312.6383921,-266.14642,-3.1306603,4.601315,,,,
317.638392,-266.1655,-3.1621871,4.6657457,,,,
322.6383918,-266.18457,-3.0651252,4.7061911,,,,
327.6383917,-266.1922,-3.1448393,4.5808005,,,,
332.6383916,-266.25708,-3.1472559,4.4093628,,,,
337.6383915,-266.1731,-3.0635982,4.5358191,,,,
342.6383913,-266.18076,-3.1252544,4.4941368,,,,
347.6383912,-266.13876,-3.1553113,4.5190501,,,,
352.6383911,-266.17313,-3.0603533,4.6559868,,,,
357.638391,-266.2113,-3.1266251,4.4679861,,,,
362.6383908,-266.20367,-3.1857004,4.4544129,,,,
367.6383907,-266.21893,-3.0485868,4.6736493,,,,
372.6383906,-266.22278,-3.1108119,4.5786352,,,,
377.6383905,-266.21512,-3.1561284,4.5178814,,,,
382.6383903,-266.19604,-3.0578449,4.6119332,,,,
387.6383902,-266.21893,-3.1194706,4.5547185,,,,
392.6383901,-266.2113,-3.1626184,4.4832091,,,,
397.63839,-266.13876,-3.0554779,4.6199398,,,,
402.6383898,-266.2113,-3.115145,4.6525159,,,,
407.6383897,-266.1922,-3.1817262,4.571969,,,,
412.6383896,-266.18839,-3.0485296,4.8198986,,,,
417.6383894,-266.15405,-3.1222651,4.6479115,,,,
422.6383893,-266.21512,-3.146939,4.6674294,,,,
427.6383892,-266.20749,-3.0466704,4.5248914,,,,
432.6383891,-266.2113,-3.1391623,4.4123869,,,,
437.6383889,-266.17694,-3.0850041,4.5023837,,,,
442.6383888,-266.20367,-3.0731044,4.6619315,,,,
447.6383887,-266.23419,-3.1337643,4.4555125,,,,
452.6383886,-266.14261,-3.0355151,4.5674672,,,,
457.6383884,-266.20749,-3.1436596,4.3745532,,,,
462.6383883,-266.23419,-3.0726347,4.5448565,,,,
467.6383882,-266.17313,-3.0975149,4.5465403,,,,
472.6383881,-266.18839,-3.1571553,4.4499111,,,,
477.6383879,-266.20749,-3.0618689,4.5668488,,,,
482.6383878,-266.16931,-3.0737915,4.5326576,,,,
487.6383877,-266.2113,-3.1445224,4.473484,,,,
492.6383876,-266.19601,-3.075937,4.5961952,,,,
497.6383874,-266.20367,-3.0303001,4.6575332,,,,
502.6383873,-266.20367,-3.114099,4.4875045,,,,
507.6383872,-266.18076,-3.1717198,4.5194278,,,,
512.638387,-266.14258,-3.0474265,4.793611,,,,
517.6383869,-266.17694,-3.0922081,4.453382,,,,
522.6383868,-266.11209,-3.1272626,4.4139333,,,,
527.6383867,-266.18076,-3.0207329,4.570354,,,,
532.6383865,-266.18457,-3.0894442,4.6793189,,,,
537.6383864,-266.18457,-3.1139693,4.4644809,,,,
542.6383863,-266.19986,-3.0106311,4.6685982,,,,
547.6383862,-266.20749,-3.0997024,4.5488429,,,,
552.638386,-266.20749,-3.1131141,4.4656496,,,,
557.6383859,-266.23419,-3.0184841,4.583034,,,,
562.6383858,-266.1922,-3.0676143,4.6494918,,,,
567.6383857,-266.22278,-3.123189,4.5257506,,,,
572.6383855,-266.24945,-3.0366757,4.5797009,,,,
577.6383854,-266.21512,-3.0003119,4.5283623,,,,
582.6383853,-266.18457,-3.0987213,4.516026,,,,
587.6383852,-266.26474,-3.1066048,4.565371,,,,
592.638385,-266.19986,-3.0156591,4.8210669,,,,
597.6383849,-266.13876,-3.0973544,4.4439664,,,,
602.6383848,-266.14258,-3.1494169,4.4764738,,,,
607.6383846,-266.1655,-3.0650413,4.5224175,,,,
612.6383845,-266.18076,-3.0312164,4.686398,,,,
617.6383844,-266.15405,-3.1368563,4.5104246,,,,
622.6383843,-266.17691,-3.1169012,4.622345,,,,
627.6383841,-266.23801,-3.0365918,4.6677046,,,,
632.638384,-266.21512,-3.1388149,4.6629281,,,,
637.6383839,-266.15405,-3.1542385,4.6207986,,,,
642.6383838,-266.19601,-3.097492,4.5466776,,,,
647.6383836,-266.1655,-3.0684009,4.5473309,,,,
652.6383835,-266.1655,-3.1246092,4.6059198,,,,
657.6383834,-266.18457,-3.1634088,4.5951643,,,,
662.6383833,-266.15787,-3.127419,4.5699415,,,,
667.6383831,-266.15405,-3.0482013,4.6174655,,,,
672.638383,-266.21896,-3.0381951,4.5048232,,,,
677.6383829,-266.16931,-3.1255713,4.5215583,,,,
682.6383828,-266.15405,-3.1293356,4.637568,,,,
687.6383826,-266.14258,-3.045907,4.6589417,,,,
692.6383825,-266.16168,-3.0312545,4.8323379,,,,
697.6383824,-266.15405,-3.1136293,4.6024489,,,,
702.6383822,-266.17694,-3.1163208,4.4460282,,,,
707.6383821,-266.11206,-3.0252492,4.5712471,,,,
712.638382,-266.16931,-3.0732188,4.5321765,,,,
717.6383819,-266.17313,-3.1154735,4.5434475,,,,
722.6383817,-266.19601,-3.1217,4.5030365,,,,
727.6383816,-266.0968,-3.062407,4.5751648,,,,
732.6383815,-266.16168,-3.0259554,4.7077718,,,,
737.6383814,-266.18457,-3.0398672,4.5726218,,,,
742.6383812,-266.20749,-3.095854,4.4950299,,,,
747.6383811,-266.15405,-3.1212459,4.4445848,,,,
752.638381,-266.16168,-3.1343942,4.5259223,,,,
757.6383809,-266.20749,-3.1174738,4.6683917,,,,
762.6383807,-266.21512,-3.1039133,4.4877105,,,,
767.6383806,-266.12732,-3.0777009,4.5315924,,,,
772.6383805,-266.19601,-3.0655339,4.6647491,,,,
777.6383804,-266.21893,-3.0462236,4.6757798,,,,
782.6383802,-266.15787,-3.0353241,4.5939612,,,,
787.6383801,-266.2113,-3.0116239,4.6482892,,,,
792.63838,-266.1655,-3.0071073,4.6388054,,,,
797.6383798,-266.1731,-3.0275931,4.6161942,,,,
802.6383797,-266.16931,-3.0348737,4.8013082,,,,
807.6383796,-266.15024,-3.0456014,4.5363002,,,,
812.6383795,-266.17694,-3.0732837,4.6256442,,,,
817.6383793,-266.10062,-3.0927465,4.6634436,,,,
822.6383792,-266.21893,-3.0908225,4.8821645,,,,
827.6383791,-266.22656,-3.0948691,4.5425539,,,,
832.638379,-266.18076,-3.1039896,4.6083937,,,,
837.6383788,-266.19986,-3.1281712,4.6531,,,,
842.6383787,-266.14642,-3.1199555,4.5883255,,,,
847.6383786,-266.2113,-3.1275105,4.4258914,,,,
852.6383785,-266.14642,-3.1305227,4.4794979,,,,
857.6383783,-266.19604,-3.1334472,4.4288468,,,,
862.6383782,-266.1922,-3.1266823,4.5358877,,,,
867.6383781,-266.18457,-3.1174548,4.5686016,,,,
872.638378,-266.15787,-3.1271021,4.7617903,,,,
877.6383778,-266.16931,-3.1379063,4.4880886,,,,
882.6383777,-266.20367,-3.1264532,4.4954424,,,,
887.6383776,-266.18457,-3.1201196,4.460598,,,,
892.6383775,-266.15405,-3.1216199,4.4618011,,,,
897.6383773,-266.15405,-3.1277971,4.4436231,,,,
902.6383772,-266.20367,-3.107269,4.6023116,,,,
907.6383771,-266.21893,-3.0718942,4.4118371,,,,
912.6383769,-266.0968,-3.0596964,4.5700102,,,,
917.6383768,-266.22278,-3.0340452,4.6112118,,,,
922.6383767,-266.14642,-3.0218859,4.587604,,,,
927.6383766,-266.20367,-3.0341752,4.5885663,,,,
932.6383764,-266.23038,-3.0308995,4.6895595,,,,
937.6383763,-266.1655,-3.0271962,4.9162183,,,,
942.6383762,-266.22656,-3.0251691,4.5831022,,,,
947.6383761,-266.16168,-3.0150597,4.6428599,,,,
952.6383759,-266.20749,-3.0107343,4.7163625,,,,
957.6383758,-266.21893,-3.0060766,4.6342349,,,,
962.6383757,-266.24564,-3.0246346,4.500906,,,,
967.6383756,-266.21893,-3.032373,4.6740961,,,,
972.6383754,-266.20367,-3.0830305,4.7339907,,,,
977.6383753,-266.18457,-3.1079297,4.5549593,,,,
982.6383752,-266.19983,-3.1322792,4.4789824,,,,
987.6383751,-266.13876,-3.1214442,4.7009678,,,,
992.6383749,-266.1655,-3.0813658,4.6009369,,,,
997.6383748,-266.19986,-3.0616932,4.5958514,,,,
1002.638375,-266.18457,-3.0639493,4.5359564,,,,
1007.638375,-266.17694,-3.0574288,4.5393243,,,,
1012.638374,-266.20749,-3.0683131,4.5839963,,,,
1017.638374,-266.14258,-3.0268106,4.6120019,,,,
1022.638374,-266.15787,-3.018446,4.7564301,,,,
1027.638374,-266.18839,-3.0326595,4.6450248,,,,
1032.638374,-266.19986,-3.0172625,4.5906281,,,,
1037.638374,-266.15405,-2.9955702,4.7351937,,,,
1042.638374,-266.24945,-2.9898016,4.5333447,,,,
1047.638374,-266.21512,-3.0428259,4.6055074,,,,
1052.638373,-266.1922,-3.0827098,4.7127547,,,,
1057.638373,-266.15024,-3.1207726,4.7253656,,,,
1062.638373,-266.21893,-3.0970261,4.446578,,,,
1067.638373,-266.20367,-3.0414441,4.6603165,,,,
1072.638373,-266.18457,-3.0191829,4.7671165,,,,
1077.638373,-266.11206,-3.0120895,4.5689106,,,,
1082.638373,-266.18457,-3.045506,4.6339254,,,,
1087.638373,-266.18457,-3.0883906,4.8220291,,,,
1092.638372,-266.19601,-3.1194477,4.5075383,,,,
1097.638372,-266.16168,-3.0971179,4.6722746,,,,
1102.638372,-266.14261,-3.0616894,4.6590796,,,,
1107.638372,-266.24182,-3.0307353,4.8367705,,,,
1112.638372,-266.23038,-3.0152926,4.6868792,,,,
1117.638372,-266.17313,-3.0839658,4.6105928,,,,
1122.638372,-266.18839,-3.1252315,4.5442381,,,,
1127.638372,-266.15024,-3.1072042,4.7272553,,,,
1132.638371,-266.20364,-3.0595553,4.7484574,,,,
1137.638371,-266.1922,-3.0232792,4.5585327,,,,
1142.638371,-266.1655,-3.02071,4.6266403,,,,
1147.638371,-266.20749,-3.0672746,4.6078095,,,,
1152.638371,-266.24948,-3.0829542,4.5801473,,,,
1157.638371,-266.20749,-3.1217306,4.5892878,,,,
1162.638371,-266.2533,-3.1267471,4.4824877,,,,
1167.638371,-266.17694,-3.0575013,4.5803881,,,,
1172.63837,-266.22275,-3.0190911,4.7615843,,,,
1177.63837,-266.23801,-3.022279,4.7845736,,,,
1182.63837,-266.20749,-3.0892074,4.655849,,,,
1187.63837,-266.20367,-3.1210968,4.6840267,,,,
1192.63837,-266.20367,-3.0966482,4.6987686,,,,
1197.63837,-266.18076,-3.045464,4.5975695,,,,
1202.63837,-266.26093,-3.010112,4.6766734,,,,
1207.638369,-266.17694,-3.068588,4.7006931,,,,
1212.638369,-266.1655,-3.1176534,4.6891813,,,,
1217.638369,-266.25327,-3.0743108,4.5634813,,,,
1222.638369,-266.20367,-2.9985633,4.6566052,,,,
1227.638369,-266.24182,-3.0900512,4.6862602,,,,
1232.638369,-266.20749,-3.0418143,4.7933702,,,,
1237.638369,-266.19604,-2.9932835,4.8568387,,,,
1242.638369,-266.19604,-3.0867755,4.5761271,,,,
1247.638368,-266.24564,-3.122288,4.6498704,,,,
1252.638368,-266.22275,-3.0462239,4.799418,,,,
1257.638368,-266.15787,-3.0204885,4.7269464,,,,
1262.638368,-266.17694,-3.0282881,4.6052666,,,,
1267.638368,-266.19601,-3.0898983,4.6205239,,,,
1272.638368,-266.14261,-3.0823812,4.7877002,,,,
1277.638368,-266.17313,-3.035851,4.3768897,,,,
1282.638368,-266.1922,-2.9877019,4.6047511,,,,
1287.638367,-266.24945,-3.0360115,4.5070229,,,,
1292.638367,-266.20367,-3.0885623,4.5707664,,,,
1297.638367,-266.19601,-3.0869513,4.4699106,,,,
1302.638367,-266.20749,-2.9995825,4.6238227,,,,
1307.638367,-266.1922,-3.0184498,4.6983562,,,,
1312.638367,-266.23419,-3.095984,4.5467811,,,,
1317.638367,-266.21512,-3.0982707,4.6638556,,,,
1322.638367,-266.23419,-3.0381341,4.5936866,,,,
1327.638366,-266.24182,-3.0010142,4.5261974,,,,
1332.638366,-266.1922,-3.0312507,4.6061602,,,,
1337.638366,-266.2113,-3.0858746,4.6047511,,,,
1342.638366,-266.19986,-3.1204402,4.5065074,,,,
1347.638366,-266.15787,-3.0430741,4.6712785,,,,
1352.638366,-266.23419,-3.0043855,4.6218987,,,,
1357.638366,-266.24182,-3.0909941,4.5690136,,,,
1362.638366,-266.15021,-3.1452782,4.4808383,,,,
1367.638365,-266.22653,-3.0393023,4.6387024,,,,
1372.638365,-266.15405,-3.031178,4.6169848,,,,
1377.638365,-266.19604,-3.1161032,4.5128989,,,,
1382.638365,-266.15405,-3.0683208,4.7793155,,,,
1387.638365,-266.17694,-3.0146971,4.5293241,,,,
1392.638365,-266.14261,-3.1118274,4.6476021,,,,
1397.638365,-266.17691,-3.0905743,4.6789756,,,,
1402.638365,-266.1922,-3.0143344,4.596951,,,,
1407.638364,-266.21893,-3.1008859,4.630558,,,,
1412.638364,-266.17313,-3.0911317,4.6438565,,,,
1417.638364,-266.19986,-3.0142732,4.7396607,,,,
1422.638364,-266.23419,-3.0906048,4.6727214,,,,
1427.638364,-266.21893,-3.1324432,4.4583302,,,,
1432.638364,-266.1922,-3.0420015,4.6894221,,,,
1437.638364,-266.18457,-2.981395,4.899724,,,,
1442.638364,-266.19986,-3.0763648,4.597363,,,,
1447.638363,-266.1655,-3.1286905,4.4509764,,,,
1452.638363,-266.13113,-3.0400467,4.5701818,,,,
1457.638363,-266.1655,-3.0673892,4.6447158,,,,
1462.638363,-266.18839,-3.1173518,4.711483,,,,
1467.638363,-266.24945,-3.0052824,4.6813807,,,,
1472.638363,-266.20367,-3.1298356,4.5543752,,,,
1477.638363,-266.21893,-3.03424,4.6910372,,,,
1482.638363,-266.17694,-3.0575814,4.6954355,,,,
1487.638362,-266.15024,-3.1320615,4.5134487,,,,
1492.638362,-266.24564,-3.0466933,4.6512103,,,,
1497.638362,-266.16934,-3.000392,4.7452278,,,,
1502.638362,-266.18076,-3.0980418,4.5664711,,,,
1507.638362,-266.24945,-3.1227844,4.6240978,,,,
1512.638362,-266.20367,-3.0294945,4.5742712,,,,
1517.638362,-266.24182,-3.0353775,4.7753983,,,,
1522.638362,-266.15787,-3.1225095,4.4881573,,,,
1527.638361,-266.16931,-3.0504501,4.6560211,,,,
1532.638361,-266.1731,-3.001461,4.7094212,,,,
1537.638361,-266.18076,-3.105406,4.6773605,,,,
1542.638361,-266.14642,-3.1022184,4.7666011,,,,
1547.638361,-266.13113,-3.0222905,4.7283897,,,,
1552.638361,-266.22275,-3.0754943,4.5123835,,,,
1557.638361,-266.21893,-3.1231737,4.5199432,,,,
1562.638361,-266.21512,-3.0509081,4.8325443,,,,
1567.63836,-266.22656,-3.0093102,4.5626221,,,,
1572.63836,-266.15787,-3.0736465,4.5265069,,,,
1577.63836,-266.19986,-3.1078303,4.6473269,,,,
1582.63836,-266.23035,-3.022424,4.743475,,,,
1587.63836,-266.13113,-2.9993079,4.6450591,,,,
1592.63836,-266.1235,-3.0057178,4.6783915,,,,
1597.63836,-266.13113,-3.0784607,4.521421,,,,
1602.63836,-266.18076,-3.1056123,4.5279498,,,,
1607.638359,-266.13495,-3.0927389,4.4504609,,,,
1612.638359,-266.12732,-3.0257761,4.6699381,,,,
1617.638359,-266.18839,-3.0041564,4.7390423,,,,
1622.638359,-266.1235,-2.9773407,4.7656393,,,,
1627.638359,-266.14642,-3.080858,4.5090499,,,,
1632.638359,-266.18839,-3.0975454,4.651279,,,,
1637.638359,-266.21512,-3.0798848,4.5692544,,,,
1642.638359,-266.19601,-3.0192325,4.6249909,,,,
1647.638358,-266.17694,-2.9885342,4.6663985,,,,
1652.638358,-266.17694,-3.0029042,4.6059537,,,,
1657.638358,-266.26474,-3.0774794,4.56111,,,,
1662.638358,-266.17694,-3.1020961,4.7250218,,,,
1667.418158,-266.14642,-3.6108723,4.1604023,,,,
1667.449158,-266.15405,-3.1086512,4.6674294,,,,
1672.449158,-266.15787,-3.0884593,4.6878414,,,,
1677.449158,-266.17691,-3.0910592,4.8426123,,,,
1682.449157,-266.17694,-3.020309,4.594305,,,,
1687.449157,-266.15787,-3.0011365,4.7249537,,,,
1692.449157,-266.20749,-3.0312774,4.68224,,,,
1697.449157,-266.18839,-3.0665188,4.5684638,,,,
1702.449157,-266.18457,-3.1080518,4.6542339,,,,
1707.449157,-266.21896,-3.1091971,4.5131736,,,,
1712.449157,-266.18839,-3.0500567,4.7003837,,,,
1717.449157,-266.22656,-3.0181749,4.6272249,,,,
1722.449156,-266.12347,-3.0090811,4.7072906,,,,
1727.449156,-266.21512,-3.0775788,4.572897,,,,
1732.449156,-266.1922,-3.0917692,4.6106963,,,,
1737.449156,-266.29907,-3.0863481,4.6198711,,,,
1742.449156,-266.19983,-3.1194401,4.5410075,,,,
1747.449156,-266.19986,-3.0819118,4.6293206,,,,
1752.449156,-266.21512,-3.0331748,4.5821061,,,,
1757.449156,-266.20367,-3.0014648,4.6667767,,,,
1762.449155,-266.24945,-2.9938903,4.6272588,,,,
1767.449155,-266.2113,-3.0582762,4.6553335,,,,
1772.449155,-266.1922,-3.105032,4.6687698,,,,
1777.449155,-266.31818,-3.1224446,4.6266403,,,,
1782.449155,-266.19986,-3.10302,4.6649551,,,,
1787.449155,-266.1655,-3.0323157,4.5970197,,,,
1792.449155,-266.23038,-2.9943142,4.6322074,,,,
1797.449155,-266.19983,-2.9775009,4.7101774,,,,
1802.449154,-266.1922,-3.0308077,4.4546189,,,,
1807.449154,-266.20367,-3.0801289,4.5753365,,,,
1812.449154,-266.20749,-3.1175847,4.4439321,,,,
1817.449154,-266.21893,-3.1187222,4.4198437,,,,
1822.449154,-266.15405,-3.0245008,4.5134487,,,,
1827.449154,-266.2113,-2.983094,4.729558,,,,
1832.449154,-266.23038,-3.0850499,4.4291558,,,,
1837.449154,-266.15787,-3.1043792,4.5623474,,,,
1842.449153,-266.23419,-3.0839849,4.4701166,,,,
1847.449153,-266.2113,-3.0161667,4.7061224,,,,
1852.449153,-266.24182,-2.9981012,4.4955454,,,,
1857.449153,-266.24948,-3.0620596,4.6156788,,,,
1862.449153,-266.20749,-3.0923228,4.6179466,,,,
1867.449153,-266.18076,-3.073864,4.5936518,,,,
1872.449153,-266.21512,-3.0145023,4.5735841,,,,
1877.449153,-266.16168,-2.9869268,4.7088027,,,,
1882.449152,-266.22275,-3.0619338,4.5668836,,,,
1887.449152,-266.19601,-3.0953465,4.7085624,,,,
1892.449152,-266.13113,-3.0821638,4.5355096,,,,
1897.449152,-266.23035,-3.0069051,4.6089783,,,,
1902.449152,-266.20367,-3.011265,4.5976725,,,,
1907.449152,-266.20367,-3.1007752,4.6518288,,,,
1912.449152,-266.16931,-3.0488808,4.7955351,,,,
1917.449152,-266.15405,-2.9980669,4.6247506,,,,
1922.449151,-266.18457,-3.0646138,4.7729931,,,,
1927.449151,-266.18457,-3.1047075,4.626194,,,,
1932.449151,-266.18839,-3.0390122,4.5548563,,,,
1937.449151,-266.11969,-2.9955702,4.5941672,,,,
1942.449151,-266.20749,-3.1004276,4.503243,,,,
1947.449151,-266.20749,-3.0631478,4.5313516,,,,
1952.449151,-266.23419,-2.9942455,4.6073627,,,,
1957.449151,-266.18076,-3.0393405,4.5641685,,,,
1962.44915,-266.22275,-3.076735,4.7288709,,,,
1967.44915,-266.15405,-3.1260257,4.3269944,,,,
1972.44915,-266.21512,-3.0512669,4.6676354,,,,
1977.44915,-266.21893,-3.0063019,4.6619658,,,,
1982.44915,-266.15405,-3.0131392,4.8307228,,,,
1987.44915,-266.16168,-3.0081344,4.7674947,,,,
1992.44915,-266.15787,-3.0259593,4.5577769,,,,
1997.44915,-266.16168,-3.0160868,4.7970815,,,,
2002.449149,-266.15405,-3.0348432,4.5033112,,,,
2007.449149,-266.17313,-3.0570166,4.6082907,,,,
2012.449149,-266.14642,-3.0703328,4.5980163,,,,
2017.449149,-266.10443,-3.1004126,4.4732094,,,,
2022.449149,-266.20749,-3.1400862,4.5074005,,,,
2027.449149,-266.13876,-3.0909903,4.6192183,,,,
2032.449149,-266.15787,-3.0304451,4.5965042,,,,
2037.449149,-266.18457,-3.0095239,4.6995931,,,,
2042.449148,-266.17313,-2.9927299,4.4886384,,,,
2047.449148,-266.16934,-2.9781423,4.6539936,,,,
2052.449148,-266.18839,-3.0014954,4.6968098,,,,
2057.449148,-266.15024,-3.0489726,4.5647182,,,,
2062.449148,-266.18457,-3.0763876,4.6758828,,,,
2067.449148,-266.17313,-3.1006989,4.4332452,,,,
2072.449148,-266.17694,-3.0973353,4.4968858,,,,
2077.449148,-266.22278,-3.0723789,4.5446157,,,,
2082.449147,-266.16168,-3.0223134,4.7676668,,,,
2087.449147,-266.16934,-3.006989,4.634613,,,,
2092.449147,-266.17313,-2.9710987,4.5797696,,,,
2097.449147,-266.1655,-2.9887328,4.743475,,,,
2102.449147,-266.16934,-3.0202556,4.8843637,,,,
2107.449147,-266.14261,-3.0676451,4.4846182,,,,
2112.449147,-266.16168,-3.0958619,4.5367813,,,,
2117.449147,-266.06625,-3.1018326,4.4627628,,,,
2122.449146,-266.1731,-3.051935,4.6000438,,,,
2127.449146,-266.16931,-3.0011671,4.781446,,,,
2132.449146,-266.21893,-2.976577,4.5504923,,,,
2137.449146,-266.2113,-3.036145,4.7868414,,,,
2142.449146,-266.14258,-3.0730357,4.5809379,,,,
2147.449146,-266.17313,-3.1021762,4.576539,,,,
2152.449146,-266.22275,-3.0934834,4.6734433,,,,
2157.449145,-266.17694,-3.0451396,4.6109023,,,,
2162.449145,-266.16931,-2.9963183,4.7143693,,,,
2167.449145,-266.1655,-2.9621041,4.5730343,,,,
2172.449145,-266.21512,-3.0235922,4.8987961,,,,
2177.449145,-266.16168,-3.0805106,4.4848585,,,,
2182.449145,-266.16168,-3.0935023,4.5314207,,,,
2187.449145,-266.19986,-3.0079014,4.6378431,,,,
2192.449145,-266.15405,-2.9863045,4.6152663,,,,
2197.449144,-266.14258,-3.0539165,4.7191458,,,,
2202.449144,-266.15021,-3.1001759,4.5403204,,,,
2207.449144,-266.19986,-3.0404437,4.5310426,,,,
2212.449144,-266.18076,-2.9969943,4.6472931,,,,
2217.449144,-266.17313,-3.048209,4.531764,,,,
2222.449144,-266.21893,-3.1122017,4.4174724,,,,
2227.449144,-266.22656,-3.053405,4.753406,,,,
2232.449144,-266.2113,-2.997735,4.7430625,,,,
2237.449143,-266.1922,-2.9932225,4.8407226,,,,
2242.449143,-266.17694,-3.0834618,4.4873323,,,,
2247.449143,-266.15021,-3.1030581,4.6321731,,,,
2252.449143,-266.17691,-3.0856416,4.4248953,,,,
2257.449143,-266.18457,-3.0402107,4.6601105,,,,
2262.449143,-266.18839,-3.018301,4.6805906,,,,
2267.449143,-266.22656,-2.9963911,4.7372894,,,,
2272.449143,-266.23038,-2.9833727,4.6407294,,,,
2277.449142,-266.19601,-3.0381875,4.6222081,,,,
2282.449142,-266.23038,-3.0641327,4.7452278,,,,
2287.449142,-266.19223,-3.0934794,4.4622474,,,,
2292.449142,-266.1922,-3.0461664,4.4591208,,,,
2297.449142,-266.17694,-3.0056605,4.7400732,,,,
2302.449142,-266.20749,-2.9971547,4.4464402,,,,
2307.449142,-266.17694,-2.9709611,4.7325816,,,,
2312.449142,-266.13113,-2.9984715,4.5035176,,,,
2317.449141,-266.20749,-3.0274329,4.7681475,,,,
2322.449141,-266.1922,-3.0512097,4.4654088,,,,
2327.449141,-266.18076,-3.0679543,4.5039644,,,,
2332.449141,-266.2113,-3.0993283,4.6985621,,,,
2337.449141,-266.19986,-3.0415242,4.5850272,,,,
2342.449141,-266.15787,-2.9934781,4.6691475,,,,
2347.449141,-266.20367,-2.9619474,4.929482,,,,
2352.449141,-266.24182,-2.9689951,4.5303898,,,,
2357.44914,-266.16168,-3.0215385,4.7474957,,,,
2362.44914,-266.14642,-3.0592918,4.5349598,,,,
2367.44914,-266.22275,-3.079335,4.6145105,,,,
2372.44914,-266.19604,-3.0960717,4.4660621,,,,
2377.44914,-266.13498,-3.0268641,4.7156067,,,,
2382.44914,-266.1235,-3.0071228,4.6488047,,,,
2387.44914,-266.20367,-2.9859266,4.9158058,,,,
2392.44914,-266.23038,-2.9791999,4.859313,,,,
2397.449139,-266.24564,-2.9830749,5.063189,,,,
2402.449139,-266.16168,-2.9796999,4.7432342,,,,
2407.449139,-266.22275,-3.0383554,4.5064044,,,,
2412.449139,-266.24182,-3.067565,4.498157,,,,
2417.449139,-266.19983,-3.0874019,4.6140637,,,,
2422.449139,-266.22656,-3.1121712,4.5798378,,,,
2427.449139,-266.19601,-3.0754943,4.5994248,,,,
2432.449139,-266.2113,-3.0358014,4.606504,,,,
2437.449138,-266.17694,-3.0094399,4.6344409,,,,
2442.449138,-266.19983,-3.0075426,4.5188093,,,,
2447.449138,-266.1922,-2.984014,4.7499008,,,,
2452.449138,-266.17694,-3.0062408,4.6252317,,,,
2457.449138,-266.26474,-3.0503469,4.8073559,,,,
2462.449138,-266.24564,-3.0707488,4.5687733,,,,
2467.449138,-266.17694,-3.1109226,4.5279155,,,,
2472.449138,-266.14642,-3.0935369,4.6660891,,,,
2477.449137,-266.16168,-3.0855005,4.3862019,,,,
2482.449137,-266.14261,-3.0294907,4.7059164,,,,
2487.449137,-266.17694,-3.0158997,4.5432758,,,,
2492.449137,-266.1655,-3.001961,4.9037099,,,,
2497.449137,-266.15024,-3.0013082,4.8259807,,,,
2502.449137,-266.18457,-3.0153995,4.5938926,,,,
2507.449137,-266.1922,-3.0369925,4.5833778,,,,
2512.449137,-266.24182,-3.0709741,4.6519661,,,,
2517.449136,-266.16168,-3.1055474,4.4275408,,,,
2522.449136,-266.24564,-3.0962207,4.5079851,,,,
2527.449136,-266.10825,-3.0980647,4.7428908,,,,
2532.449136,-266.20749,-3.1053565,4.5505953,,,,
2537.449136,-266.1235,-3.1004355,4.5993905,,,,
2542.449136,-266.22275,-3.0886462,4.44486,,,,
2547.449136,-266.26855,-3.0528095,4.6705909,,,,
2552.449136,-266.18457,-3.0240543,4.6462622,,,,
2557.449135,-266.14261,-2.9843233,4.5311799,,,,
2562.449135,-266.18076,-3.0036638,4.5762644,,,,
2567.449135,-266.2113,-3.0308614,4.6850924,,,,
2572.449135,-266.23038,-3.1010883,4.567605,,,,
2577.449135,-266.1655,-3.0791783,4.5065761,,,,
2582.449135,-266.20367,-3.0146437,4.7562237,,,,
2587.449135,-266.23419,-2.9879959,4.736568,,,,
2592.449135,-266.19983,-3.0122116,4.5937209,,,,
2597.449134,-266.26474,-3.0849392,4.6596289,,,,
2602.449134,-266.21512,-3.089005,4.6384268,,,,
2607.449134,-266.28381,-3.026742,4.5699415,,,,
2612.449134,-266.24564,-2.9948983,4.6468115,,,,
2617.449134,-266.21512,-3.0994847,4.5690136,,,,
2622.449134,-266.20367,-3.0530574,4.6740618,,,,
2627.449134,-266.17313,-2.9923823,4.6216235,,,,
2632.449133,-266.20367,-3.065217,4.6835804,,,,
2637.449133,-266.13876,-3.0700579,4.7318263,,,,
2642.449133,-266.18457,-2.9795434,4.6574645,,,,
2647.449133,-266.21896,-3.0540729,4.5567465,,,,
2652.449133,-266.1731,-3.0881577,4.7233038,,,,
2657.449133,-266.20367,-2.9652383,4.8906865,,,,
2662.449133,-266.16931,-3.0064621,4.8455334,,,,
2667.449133,-266.22653,-3.0889404,4.6629281,,,,
2672.449132,-266.21893,-3.0645106,4.4728999,,,,
2677.449132,-266.18076,-2.9849989,4.5650277,,,,
2682.449132,-266.19983,-3.052794,4.83708,,,,
2687.449132,-266.21893,-3.0760517,4.7506571,,,,
2692.449132,-266.18457,-2.9866099,4.5854049,,,,
2697.449132,-266.1731,-3.0245123,4.7013803,,,,
2702.449132,-266.21512,-3.0926969,4.4977102,,,,
2707.449132,-266.19601,-3.0104823,4.5127959,,,,
2712.449131,-266.20749,-3.0145519,4.6976004,,,,
2717.449131,-266.17694,-3.1002598,4.7852607,,,,
2722.449131,-266.24564,-3.063308,4.6286335,,,,
2727.449131,-266.18839,-3.0014229,4.7176337,,,,
2732.449131,-266.16168,-3.0747077,4.7163968,,,,
2737.449131,-266.26855,-3.084023,4.7023082,,,,
2742.449131,-266.24182,-3.0029805,4.5601478,,,,
2747.449131,-266.28,-3.0235693,4.6991811,,,,
2752.44913,-266.19983,-3.1161759,4.4588799,,,,
2757.44913,-266.24948,-3.0815263,4.4824185,,,,
2762.44913,-266.22653,-3.0164227,4.7045417,,,,
2767.44913,-266.19986,-3.0156095,4.5132422,,,,
2772.44913,-266.15405,-3.0758379,4.6539249,,,,
2777.44913,-266.18457,-3.1134424,4.6557117,,,,
2782.44913,-266.19223,-3.0806863,4.6742334,,,,
2787.44913,-266.23419,-2.990886,4.7372208,,,,
2792.449129,-266.1922,-3.0366185,4.8431969,,,,
2797.449129,-266.16931,-3.1189895,4.3759961,,,,
2802.449129,-266.18839,-3.1104341,4.5062327,,,,
2807.449129,-266.2113,-2.9917104,4.5175037,,,,
2812.449129,-266.1655,-2.9929969,4.7016549,,,,
2817.449129,-266.16553,-3.0271926,4.6452656,,,,
2822.449129,-266.16931,-3.0976827,4.6849546,,,,
2827.449129,-266.18076,-3.073467,4.5346165,,,,
2832.449128,-266.18457,-3.0191905,4.4428325,,,,
2837.449128,-266.18076,-2.9852967,4.869072,,,,
2842.449128,-266.1922,-2.9993155,4.6523786,,,,
2847.449128,-266.23419,-3.0532293,4.7239227,,,,
2852.449128,-266.18839,-3.1104875,4.4694295,,,,
2857.449128,-266.18457,-3.0967474,4.6551619,,,,
2862.449128,-266.23035,-3.0513356,4.5818315,,,,
2867.449128,-266.19983,-2.982132,4.5672956,,,,
2872.449127,-266.1922,-2.9947569,4.7358122,,,,
2877.449127,-266.24945,-3.0664959,4.5534129,,,,
2882.449127,-266.16934,-3.0861914,4.8205171,,,,
2887.449127,-266.15405,-3.0596929,4.4133487,,,,
2892.449127,-266.22275,-2.9916646,4.7134418,,,,
2897.449127,-266.20749,-3.0318463,4.4065108,,,,
2902.449127,-266.20749,-3.1150496,4.6842675,,,,
2907.449127,-266.17313,-3.0893221,4.4741025,,,,
2912.449126,-266.23038,-3.0042212,4.6446123,,,,
2917.449126,-266.23419,-3.0003271,4.8362899,,,,
2922.449126,-266.15405,-3.0177779,4.5066447,,,,
2927.449126,-266.24182,-3.0312622,4.7239909,,,,
2932.449126,-266.20367,-3.0658317,4.606504,,,,
2937.449126,-266.21512,-3.0874093,4.5397019,,,,
2942.449126,-266.19604,-3.1039248,4.6005244,,,,
2947.449126,-266.15024,-3.1160958,4.4016314,,,,
2952.449125,-266.2113,-3.1187186,4.5801816,,,,
2957.449125,-266.23419,-3.1196041,4.5557156,,,,
2962.449125,-266.21512,-3.1267967,4.4501176,,,,
2967.449125,-266.21512,-3.1098728,4.5677423,,,,
2972.449125,-266.21893,-3.0858479,4.6971192,,,,
2977.449125,-266.26093,-3.0885203,4.5365062,,,,
2982.449125,-266.18457,-3.0830228,4.7263966,,,,
2987.449125,-266.19604,-3.0986295,4.721242,,,,
2992.449124,-266.22656,-3.1266365,4.4529696,,,,
2997.449124,-266.3067,-3.0993321,4.6693883,,,,
3002.449124,-266.18457,-3.1170959,4.5605264,,,,
3007.449124,-266.1922,-3.1330922,4.4611483,,,,
3012.449124,-266.21512,-3.1319087,4.6269841,,,,
3017.449124,-266.21512,-3.1253614,4.4027991,,,,
3022.449124,-266.18457,-3.0749979,4.4856143,,,,
3027.449124,-266.22653,-3.0209773,4.6775327,,,,
3032.449123,-266.20367,-3.0155065,4.7537837,,,,
3037.449123,-266.23038,-2.9835329,4.8670788,,,,
3042.449123,-266.20749,-2.9916723,4.7685256,,,,
3047.449123,-266.19986,-3.0369465,4.5947518,,,,
3052.449123,-266.17694,-3.0825684,4.4908376,,,,
3057.449123,-266.19601,-3.0877416,4.5530348,,,,
3062.449123,-266.11969,-3.1277971,4.5388775,,,,
3067.449123,-266.14639,-3.10675,4.853334,,,,
3072.449122,-266.21893,-3.0842063,4.4257541,,,,
3077.449122,-266.21893,-3.0498543,4.6087031,,,,
3082.449122,-266.19604,-3.0419822,4.715332,,,,
3083.310122,-266.17313,-4.4803815,2.9084871,,,,
3083.310522,-266.16934,-6.2773323,1.480255,,,,
3083.312122,-266.20749,-5.7696915,1.981681,,,,
3083.314122,-266.1655,-5.2241082,2.5298064,,,,
3083.316722,-266.1731,-4.6908989,3.0620902,,,,
3083.320122,-266.23801,-4.1888413,3.5648906,,,,
3083.325922,-266.19983,-3.6835954,4.0749755,,,,
3083.378922,-266.20749,-3.1817634,4.5544095,,,,
3088.378922,-266.23801,-3.1023128,4.8041601,,,,
3093.378922,-266.1922,-3.1053824,4.5289121,,,,
3098.378922,-266.19601,-3.0986173,4.4700136,,,,
3103.378922,-266.23419,-3.0736303,4.6828589,,,,
3108.378921,-266.24945,-3.1211381,4.5777078,,,,
3113.378921,-266.23035,-3.0965481,4.5098405,,,,
3118.378921,-266.23038,-3.0211711,4.7162938,,,,
3123.378921,-266.24182,-2.995054,4.9043288,,,,
3128.378921,-266.19601,-3.0383775,4.6882534,,,,
3133.378921,-266.24945,-3.0763409,4.6462622,,,,
3138.378921,-266.18457,-3.1180267,4.525785,,,,
3143.378921,-266.20749,-3.039767,4.6463652,,,,
3148.37892,-266.22656,-2.9938667,4.6575675,,,,
3153.37892,-266.23419,-3.0405993,4.5295305,,,,
3158.37892,-266.21512,-3.094769,4.6295271,,,,
3163.37892,-266.17694,-3.1240814,4.5168161,,,,
3168.37892,-266.16931,-3.084255,4.7203145,,,,
3173.37892,-266.21512,-3.0399621,4.6184964,,,,
3178.37892,-266.18457,-2.9959817,4.5802159,,,,
3183.37892,-266.19986,-2.9906521,4.9120946,,,,
3188.378919,-266.26089,-3.0617573,4.5379152,,,,
3193.378919,-266.18076,-3.0973613,4.6073284,,,,
3198.378919,-266.21512,-3.1176944,4.7154689,,,,
3203.378919,-266.1922,-3.0204494,4.9212351,,,,
3208.378919,-266.18839,-2.9939201,4.867938,,,,
3213.378919,-266.17313,-3.0320935,4.7323756,,,,
3218.378919,-266.16931,-3.0653956,4.6150603,,,,
3223.378919,-266.27237,-3.079628,4.6264343,,,,
3228.378918,-266.19986,-3.1011868,4.6259532,,,,
3233.378918,-266.18076,-3.1248336,4.3760309,,,,
3238.378918,-266.20749,-3.0668273,4.6250944,,,,
3243.378918,-266.18457,-3.0173495,4.5943394,,,,
3248.378918,-266.30289,-3.0073547,4.630558,,,,
3253.378918,-266.27237,-2.99208,4.5949578,,,,
3258.378918,-266.19986,-3.0425541,4.736877,,,,
3263.378918,-266.29144,-3.0850339,4.5472965,,,,
3268.378917,-266.21512,-3.098747,4.5920715,,,,
3273.378917,-266.25711,-3.0257905,4.667017,,,,
3278.378917,-266.24182,-2.990469,4.8593817,,,,
3283.378917,-266.22275,-2.9961495,4.601109,,,,
3288.378917,-266.2113,-3.0813689,4.6529627,,,,
3293.378917,-266.23038,-3.0966818,4.6389422,,,,
3298.378917,-266.21893,-3.0047777,4.6628938,,,,
3303.378917,-266.20749,-2.9802375,4.7730274,,,,
3308.378916,-266.18839,-3.0683429,4.6718626,,,,
3313.378916,-266.16934,-3.1077228,4.7177029,,,,
3318.378916,-266.20749,-3.0650136,4.9061155,,,,
3323.378916,-266.23801,-3.0135815,4.6150947,,,,
3328.378916,-266.25327,-2.9959779,4.6502137,,,,
3333.378916,-266.24564,-3.020293,4.5930676,,,,
3338.378916,-266.19601,-3.099606,4.6088061,,,,
3343.378916,-266.22653,-3.1321101,4.6319327,,,,
3348.378915,-266.13495,-3.0633378,4.5528288,,,,
3353.378915,-266.1731,-3.0238054,4.5466433,,,,
3358.378915,-266.15787,-3.0091186,4.7016549,,,,
3363.378915,-266.19986,-3.0811818,4.5412827,,,,
3368.378915,-266.27237,-3.0929594,4.6860542,,,,
3373.378915,-266.23038,-3.1017554,4.6851263,,,,
3378.378915,-266.24564,-3.0245917,4.7012773,,,,
3383.378915,-266.19986,-3.0027468,4.552382,,,,
3388.378914,-266.2113,-3.0177312,4.6105247,,,,
3393.378914,-266.23801,-3.0704999,4.8723712,,,,
3398.378914,-266.28,-3.1013012,4.5662303,,,,
3403.378914,-266.19604,-3.0318418,4.7208982,,,,
3408.378914,-266.17694,-3.0193844,4.5271254,,,,
3413.378914,-266.21896,-3.0022962,4.7859821,,,,
3418.378914,-266.18457,-3.0593674,4.4775734,,,,
3423.378914,-266.1655,-3.0764937,4.6261249,,,,
3428.378913,-266.17694,-3.1143272,4.3608079,,,,
3433.378913,-266.1655,-3.0874276,4.6704879,,,,
3438.378913,-266.17313,-3.0345521,4.5978103,,,,
3443.378913,-266.1922,-3.0110159,4.581419,,,,
3448.378913,-266.19983,-2.9821539,4.7919955,,,,
3453.378913,-266.15787,-2.975935,4.9396195,,,,
3458.378913,-266.23419,-2.9979286,4.7977343,,,,
3463.378913,-266.18457,-2.996058,4.6655736,,,,
3468.378912,-266.22275,-2.9822111,4.5547528,,,,
3473.378912,-266.19986,-2.9960506,4.8387294,,,,
3478.378912,-266.18839,-3.0391755,4.5514197,,,,
3483.378912,-266.1655,-3.0445201,4.4980197,,,,
3488.378912,-266.20749,-3.0433252,4.6673608,,,,
3493.378912,-266.23038,-3.0251224,4.5499077,,,,
3498.378912,-266.19601,-3.0136807,4.5057511,,,,
3503.378911,-266.18076,-2.9999712,4.5668144,,,,
3508.378911,-266.15787,-2.9918203,4.7399697,,,,
3513.378911,-266.16168,-3.0022161,4.707222,,,,
3518.378911,-266.19983,-3.0245917,4.7218261,,,,
3523.378911,-266.18076,-3.0717063,4.4008408,,,,
3528.378911,-266.21893,-3.0705876,4.7861881,,,,
3533.378911,-266.1922,-3.0658765,4.7271523,,,,
3538.378911,-266.22278,-3.0796051,4.5888071,,,,
3543.37891,-266.15021,-3.1126361,4.7781816,,,,
3548.37891,-266.19601,-3.0966055,4.7539558,,,,
3553.37891,-266.18457,-3.1149113,4.5275378,,,,
3558.37891,-266.18076,-3.0833082,4.422318,,,,
3563.37891,-266.24182,-3.055126,4.7582169,,,,
3568.37891,-266.1922,-3.0384195,4.5965385,,,,
3573.37891,-266.22275,-3.0291576,4.5039301,,,,
3578.37891,-266.19601,-3.0449326,4.5879478,,,,
3583.378909,-266.18076,-3.009275,4.6021738,,,,
3588.378909,-266.20749,-2.9943516,4.9231939,,,,
3593.378909,-266.14258,-3.0150895,4.6007309,,,,
3598.378909,-266.16931,-3.0071104,4.5460935,,,,
3603.378909,-266.14261,-3.0109968,4.6105247,,,,
3608.378909,-266.19604,-3.0729241,4.5601826,,,,
3613.378909,-266.21512,-3.0704005,4.6808653,,,,
3618.378909,-266.1655,-3.1014273,4.5103559,,,,
3623.378908,-266.17694,-3.1070507,4.6745429,,,,
3628.378908,-266.1922,-3.1273112,4.427197,,,,
3633.378908,-266.19604,-3.0878096,4.7486982,,,,
3638.378908,-266.19983,-3.0375338,4.7558455,,,,
3643.378908,-266.19601,-3.0104852,4.5117307,,,,
3648.378908,-266.20749,-3.0191591,4.6920333,,,,
3653.378908,-266.19986,-3.0812809,4.5749931,,,,
3658.378908,-266.22278,-3.1051686,4.6664677,,,,
3663.378907,-266.17313,-3.1127543,4.5005279,,,,
3668.378907,-266.1922,-3.0539081,4.6267781,,,,
3673.378907,-266.1922,-3.0405691,4.4906316,,,,
3678.378907,-266.18839,-3.0114932,4.6730652,,,,
3683.378907,-266.23038,-2.9966574,4.6088405,,,,
3688.378907,-266.23801,-3.0010555,4.6606946,,,,
3693.378907,-266.22275,-3.0090308,4.641623,,,,
3698.378907,-266.15405,-3.0489106,4.3881607,,,,
3703.378906,-266.19604,-3.0743747,4.5730686,,,,
3708.378906,-266.1922,-3.0931237,4.3875079,,,,
3713.378906,-266.17694,-3.1030841,4.6246133,,,,
3718.378906,-266.15021,-3.0816476,4.5991158,,,,
3723.378906,-266.24182,-3.0982471,4.7864289,,,,
3728.378906,-266.18076,-3.1053443,4.6954355,,,,
3733.378906,-266.23801,-3.089535,4.7341971,,,,
3738.378906,-266.1731,-3.1061573,4.6481519,,,,
3743.378905,-266.16934,-3.1132317,4.690865,,,,
3748.378905,-266.2113,-3.1182978,4.5449939,,,,
3753.378905,-266.1731,-3.0293181,4.8480415,,,,
3758.378905,-266.23419,-3.0022619,4.6025863,,,,
3763.378905,-266.23419,-3.0535376,4.4675736,,,,
3768.378905,-266.24564,-3.0916195,4.5037584,,,,
3773.378905,-266.24564,-3.0954754,4.5717974,,,,
3778.378905,-266.15405,-3.0322385,4.5692201,,,,
3783.378904,-266.16931,-2.9757249,4.7967725,,,,
3788.378904,-266.20367,-3.0559697,4.7580791,,,,
3793.378904,-266.23035,-3.1086464,4.3944836,,,,
3798.378904,-266.15787,-3.0937383,4.7906213,,,,
3803.378904,-266.2113,-3.0288792,4.670763,,,,
3808.378904,-266.23419,-3.00314,4.8375611,,,,
3813.378904,-266.21512,-3.1189468,4.4377465,,,,
3818.378904,-266.24564,-3.0366671,4.6888037,,,,
3823.378903,-266.17313,-2.9977989,4.726809,,,,
3828.378903,-266.21512,-3.0945516,4.3429046,,,,
3833.378903,-266.19983,-3.121604,4.7039576,,,,
3838.378903,-266.24945,-3.0413401,4.5119367,,,,
3843.378903,-266.18076,-3.0082672,4.6363997,,,,
3848.378903,-266.21512,-3.0231946,4.5021086,,,,
3853.378903,-266.20749,-3.0867939,4.5561962,,,,
3858.378903,-266.15787,-3.0988121,4.6384616,,,,
3863.378902,-266.17313,-3.0316315,4.7705188,,,,
3868.378902,-266.23801,-2.9998262,4.6650929,,,,
3873.378902,-266.20367,-3.0701449,4.7291455,,,,
3878.378902,-266.2113,-3.1286895,4.464344,,,,
3883.378902,-266.1922,-3.0551374,4.713098,,,,
3888.378902,-266.22656,-3.0048771,4.589838,,,,
3893.378902,-266.18839,-3.0064347,4.608428,,,,
3898.378902,-266.27237,-3.0910659,4.4187784,,,,
3903.378901,-266.20749,-3.103569,4.4181595,,,,
3908.378901,-266.18839,-3.0015252,4.5459218,,,,
3913.378901,-266.16931,-3.0766387,4.4565778,,,,
3918.378901,-266.20749,-3.0815177,4.5294619,,,,
3923.378901,-266.22656,-2.9858837,4.6654706,,,,
3928.378901,-266.25711,-3.0857973,4.4581928,,,,
3933.378901,-266.19983,-3.0929022,4.6584611,,,,
3938.378901,-266.22653,-3.0133486,4.6654367,,,,
3943.3789,-266.19986,-3.0253744,4.6830988,,,,
3948.3789,-266.15787,-3.0961626,4.6492858,,,,
3953.3789,-266.26089,-3.1254597,4.3571997,,,,
3958.3789,-266.17694,-3.0219615,4.6296301,,,,
3963.3789,-266.20749,-3.0592642,4.6494579,,,,
3968.3789,-266.19601,-3.1274412,4.6106963,,,,
3973.3789,-266.23419,-3.0048466,4.7274275,,,,
3978.378899,-266.18839,-3.078979,4.663959,,,,
3983.378899,-266.16168,-3.1001635,4.5162663,,,,
3988.378899,-266.16931,-2.9932749,4.7342658,,,,
3993.378899,-266.2113,-3.0855761,4.4681926,,,,
3998.378899,-266.20367,-3.0697439,4.7739892,,,,
4003.378899,-266.22656,-2.9703267,4.7511377,,,,
4008.378899,-266.2533,-3.0902488,4.601315,,,,
4013.378899,-266.26093,-3.0505562,4.6412449,,,,
4018.378898,-266.24564,-2.9978256,4.8815117,,,,
4023.378898,-266.21512,-3.1102042,4.770278,,,,
4028.378898,-266.19604,-3.0183995,4.5574679,,,,
4033.378898,-266.16931,-3.0557864,4.5378118,,,,
4038.378898,-266.24948,-3.1072111,4.6576362,,,,
4043.378898,-266.23038,-2.9938514,4.8442965,,,,
4048.378898,-266.23801,-3.0909743,4.4382277,,,,
4053.378898,-266.19986,-3.0354226,4.5611448,,,,
4058.378897,-266.18457,-3.0328684,4.5528975,,,,
4063.378897,-266.25711,-3.0832548,4.6777387,,,,
4068.378897,-266.23416,-2.9919503,4.6789069,,,,
4073.378897,-266.21512,-3.0924096,4.4709415,,,,
4078.378897,-266.18839,-3.1003087,4.3608766,,,,
4083.378897,-266.26474,-2.9890525,4.7102804,,,,
4088.378897,-266.21893,-3.0726225,4.3540382,,,,
4093.378897,-266.18457,-3.0721033,4.6117272,,,,
4098.378896,-266.18457,-2.9896748,4.5811439,,,,
4103.378896,-266.20367,-3.0891724,4.452076,,,,
4108.378896,-266.13876,-3.0593293,4.8877997,,,,
4113.378896,-266.20367,-2.9942369,4.5319014,,,,
4118.378896,-266.2113,-3.0844193,4.6364341,,,,
4123.378896,-266.21512,-3.1011868,4.5981193,,,,
4128.378896,-266.18839,-3.0133867,4.5228639,,,,
4133.378896,-266.18457,-3.0820141,4.4414234,,,,
4138.378896,-266.15405,-3.0673616,4.5761957,,,,
4143.378896,-266.1922,-3.0128369,4.5548563,,,,
4148.378896,-266.22278,-3.1209929,4.5759549,,,,
4153.378896,-266.1655,-2.9941263,4.7830615,,,,
4158.378896,-266.2113,-3.0893097,4.6239262,,,,
4163.378896,-266.23801,-3.0250576,4.619596,,,,
4168.378896,-266.19223,-3.0519915,4.4894629,,,,
4173.378896,-266.13879,-3.1264713,4.3550348,,,,
4178.378896,-266.1922,-2.9998071,4.66712,,,,
4183.378895,-266.2113,-3.1383407,4.5227609,,,,
4188.378895,-266.24182,-3.0110731,4.6449904,,,,
4193.378895,-266.16168,-3.1071119,4.5465403,,,,
4198.378895,-266.1922,-3.0147152,4.4468527,,,,
4203.378895,-266.18839,-3.1093221,4.5113525,,,,
4208.378895,-266.2113,-3.0380759,4.603652,,,,
4213.378895,-266.21512,-3.0014486,4.7199364,,,,
4218.378895,-266.19223,-3.0938909,4.7459149,,,,
4223.378895,-266.23038,-3.0649564,4.5599761,,,,
4228.378895,-266.16931,-3.0071943,4.7078404,,,,
4233.378895,-266.16168,-3.0668082,4.6757112,,,,
4238.378895,-266.16931,-3.1113303,4.3820443,,,,
4243.378895,-266.1655,-3.0242443,4.4932432,,,,
4248.378895,-266.23801,-2.9990933,4.6624126,,,,
4253.378895,-266.20367,-3.1072798,4.6722746,,,,
4258.378895,-266.22656,-3.0879545,4.8675256,,,,
4263.378894,-266.1731,-3.0210145,4.6961913,,,,
4268.378894,-266.2113,-3.0797122,4.467093,,,,
4273.378894,-266.25327,-3.0949867,4.623754,,,,
4278.378894,-266.21512,-3.0325212,4.4593611,,,,
4283.378894,-266.18076,-3.0403054,4.5689106,,,,
4288.378894,-266.22275,-3.1196606,4.4365439,,,,
4293.378894,-266.20749,-3.0350523,4.5246854,,,,
4298.378894,-266.24564,-3.0308566,4.5771236,,,,
4303.378894,-266.2113,-3.1295257,4.4831405,,,,
4308.378894,-266.2113,-3.0462267,4.6568112,,,,
4313.378894,-266.17694,-2.9930384,4.637156,,,,
4318.378894,-266.2113,-3.0810177,4.4694295,,,,
4323.378894,-266.22275,-3.105222,4.4840679,,,,
4328.378894,-266.13113,-3.1086349,4.4547911,,,,
4333.378894,-266.23801,-3.0377438,4.7917552,,,,
4338.378894,-266.17694,-3.0176702,4.7417569,,,,
4343.378894,-266.18457,-2.9953098,4.6845078,,,,
4348.378893,-266.17313,-3.0807505,4.4780889,,,,
4353.378893,-266.19604,-3.0826592,4.5605264,,,,
4358.378893,-266.1922,-3.0840566,4.5543752,,,,
4363.378893,-266.19601,-3.0235152,4.5597358,,,,
4368.378893,-266.18839,-3.0118673,4.6197338,,,,
4373.378893,-266.19986,-2.995157,4.7347469,,,,
4378.378893,-266.19986,-3.0410995,4.4175072,,,,
4383.378893,-266.19601,-3.0868587,4.5322108,,,,
4388.378893,-266.2113,-3.1230814,4.4232798,,,,
4393.378893,-266.19986,-3.1168242,4.4590516,,,,
4398.378893,-266.15405,-3.0531673,4.4684329,,,,
4403.378893,-266.14642,-3.0218239,4.8014798,,,,
4408.378893,-266.18076,-2.973274,4.634613,,,,
4413.378893,-266.19604,-3.0234158,4.489429,,,,
4418.378893,-266.10443,-3.0871756,4.4847555,,,,
4423.378893,-266.15405,-3.1304419,4.5204587,,,,
4428.378893,-266.1731,-3.041909,4.590147,,,,
4433.378892,-266.15787,-3.0162041,4.6706252,,,,
4438.378892,-266.14639,-2.9890258,4.7564301,,,,
4443.378892,-266.23038,-3.0611808,4.6648865,,,,
4448.378892,-266.18076,-3.0951433,4.5795975,,,,
4453.378892,-266.15405,-3.113682,4.6201115,,,,
4458.378892,-266.14642,-3.0182009,4.7637491,,,,
4463.378892,-266.1655,-3.0164943,4.5983257,,,,
4468.378892,-266.16931,-3.0068355,4.8654637,,,,
4473.378892,-266.24945,-3.0247521,4.8396916,,,,
4478.378892,-266.18076,-3.082705,4.5884633,,,,
4483.378892,-266.17694,-3.1159308,4.6613817,,,,
4488.378892,-266.16934,-3.0848238,4.6730309,,,,
4493.378892,-266.2113,-3.0287263,4.496645,,,,
4498.378892,-266.19601,-2.9854524,4.9102736,,,,
4503.378892,-266.19986,-3.0515258,4.5967445,,,,
4508.378892,-266.15405,-3.0975561,4.6347504,,,,
4513.378891,-266.14258,-3.0854158,4.7719274,,,,
4518.378891,-266.21512,-3.0850072,5.0008888,,,,
4523.378891,-266.18839,-3.0440278,4.5358877,,,,
4528.378891,-266.20367,-3.0178993,4.4673333,,,,
4529.999891,-266.26855,-3.0067172,4.6285305,,,,
