Area (cm2),1.33,,
Electrolyte ,KOH,,
Conc (M),1,,
Loading (mg/cm2),0.6,,
pH initial vs final,14,13.73,
ZIR (Ohm),4.945,4.801,
Ref,Ag/AgCl,,
V,,,
CO2 Flow Rate input vs output (mL/min),10,8.7,
Electrolyte Flow Rate (mL/min),1,,
Type,CP,,
,,,
t (s),i (mA),Ewe (V),Ecell (V)
29.99979924,0,-0.35689005,-0.12803969
29.99999924,-62.837654,-0.66652751,0.73292702
30.00379924,-131.62248,-1.1702327,2.5467815
30.09639924,-132.89726,-1.6702588,2.7987659
30.27439924,-132.89726,-2.1710176,2.8347783
35.27439911,-132.94688,-2.2988818,2.743201
40.27439898,-132.90872,-2.2992752,2.6650591
45.27439886,-132.96979,-2.2975953,2.639493
50.27439873,-133.01559,-2.2980764,2.5570562
55.2743986,-132.95453,-2.2974312,2.5526576
60.27439848,-133.00031,-2.2961864,2.5418675
65.27439835,-132.99268,-2.2943616,2.5462317
70.27439822,-132.9736,-2.2943044,2.5370913
75.2743981,-132.90109,-2.2950413,2.5418675
80.27439797,-132.9736,-2.294713,2.5605612
85.27439785,-132.98888,-2.2962554,2.5468161
90.27439772,-132.91635,-2.2958009,2.5560253
95.27439759,-133.00795,-2.2958963,2.5750623
100.2743975,-132.91254,-2.2947092,2.5977764
105.2743973,-132.94305,-2.296072,2.569633
110.2743972,-132.98506,-2.2970111,2.595268
115.2743971,-132.89726,-2.2939494,2.6013157
120.274397,-132.9507,-2.2951939,2.6274316
125.2743968,-132.93544,-2.2956023,2.5871925
130.2743967,-132.91635,-2.2967706,2.599529
135.2743966,-132.97742,-2.2978244,2.6153703
140.2743965,-133.00414,-2.2959268,2.6031713
145.2743963,-132.92398,-2.297977,2.6139269
150.2743962,-132.94307,-2.2973318,2.6342356
155.2743961,-132.96216,-2.3001952,2.613446
160.274396,-132.94688,-2.2978396,2.6279471
165.2743958,-132.98123,-2.2982366,2.6273973
170.2743957,-132.99649,-2.2976983,2.6323113
175.2743956,-132.95451,-2.2985346,2.6326549
180.2743954,-132.93544,-2.2988169,2.6442354
185.2743953,-132.95453,-2.3005121,2.6403866
190.2743952,-132.95451,-2.3022988,2.6537538
195.2743951,-132.96216,-2.3001227,2.6738906
200.2743949,-132.9507,-2.2999852,2.6571901
205.2743948,-133.00414,-2.302501,2.6746466
210.2743947,-133.01178,-2.3037839,2.6559188
215.2743946,-133.01176,-2.30265,2.6745777
220.2743944,-132.95453,-2.3023942,2.6668117
225.2743943,-132.96597,-2.3056812,2.6822751
230.2743942,-132.94307,-2.3035929,2.697017
235.2743941,-132.96216,-2.3058341,2.6658154
240.2743939,-132.96216,-2.3045168,2.6773612
245.2743938,-132.98506,-2.3058951,2.6964328
250.2743937,-132.96216,-2.3069181,2.6718287
255.2743936,-132.96979,-2.3084528,2.6712446
260.2743934,-132.9507,-2.3073802,2.6863987
265.2743933,-132.98506,-2.3086324,2.6691484
270.2743932,-132.97742,-2.3089988,2.6834435
275.274393,-132.93924,-2.307384,2.6750588
280.2743929,-132.98886,-2.3103428,2.6872578
285.2743928,-132.96596,-2.311801,2.7125146
290.2743927,-133.00414,-2.3108275,2.6885979
295.2743925,-132.97742,-2.314256,2.66853
300.2743924,-132.93544,-2.3140192,2.6804194
305.2743923,-132.99268,-2.3143704,2.7002814
310.2743922,-132.95451,-2.314065,2.6948521
315.274392,-133.00414,-2.3149889,2.6844058
320.2743919,-132.9507,-2.3158822,2.6955738
325.2743918,-132.93163,-2.3171229,2.7203496
330.2743917,-132.95451,-2.3161952,2.6906598
335.2743915,-132.93924,-2.3179018,2.7112088
340.2743914,-132.98505,-2.3184707,2.6922059
345.2743913,-132.93924,-2.3197458,2.7076695
350.2743912,-133.02321,-2.3207459,2.7333386
355.274391,-133.01176,-2.3204672,2.7019653
360.2743909,-133.01559,-2.3202305,2.707154
365.2743908,-133.00032,-2.3212192,2.7181158
370.2743906,-132.96979,-2.3246133,2.7100062
375.2743905,-132.93163,-2.323823,2.7352974
380.2743904,-132.98888,-2.3251708,2.7136142
385.2743903,-132.93544,-2.3253844,2.7262254
390.2743901,-132.95451,-2.3267474,2.749352
395.27439,-132.94688,-2.3278661,2.7722719
400.2743899,-132.9507,-2.3261251,2.7297306
405.2743898,-132.93924,-2.3281829,2.7372904
410.2743896,-132.9736,-2.3284233,2.7604854
415.2743895,-132.9507,-2.3307102,2.7530975
420.2743894,-132.96216,-2.3281181,2.775296
425.2743893,-132.97742,-2.3291945,2.7963948
430.2743891,-132.97742,-2.3325388,2.7583892
435.274389,-132.96979,-2.3332415,2.776808
440.2743889,-132.95451,-2.3341501,2.7569461
445.2743888,-132.96216,-2.3351808,2.7591453
450.2743886,-132.93544,-2.3354061,2.7660525
455.2743885,-132.88582,-2.3354366,2.7599356
460.2743884,-132.9736,-2.3380747,2.7855361
465.2743882,-132.97742,-2.3380287,2.7568774
470.2743881,-132.97742,-2.3374715,2.7622037
475.274388,-132.90109,-2.3369293,2.7748492
480.2743879,-132.98506,-2.3391168,2.8024771
485.2743877,-132.98506,-2.3376546,2.7668772
490.2743876,-132.93924,-2.3407354,2.7762926
495.2743875,-132.94307,-2.3394489,2.7755022
500.2743874,-132.93924,-2.3403499,2.7884915
505.2743872,-133.01939,-2.3427665,2.7881134
510.2743871,-132.96596,-2.3412929,2.7827184
515.274387,-132.95453,-2.3426864,2.8024771
520.2743869,-132.94688,-2.3426445,2.7962232
525.2743867,-132.9507,-2.3436675,2.7938521
530.2743866,-132.9507,-2.3423657,2.8052604
535.2743865,-132.96596,-2.3440609,2.8245037
540.2743864,-132.94307,-2.3442822,2.8078721
545.2743862,-132.98125,-2.3436599,2.8312044
550.2743861,-132.94688,-2.3461721,2.8231978
555.274386,-132.98123,-2.3479013,2.8337474
560.2743858,-132.99268,-2.3465195,2.8642619
565.2743857,-132.98888,-2.3467867,2.8204489
570.2743856,-132.96596,-2.3457978,2.845156
575.2743855,-132.95451,-2.3482983,2.8271155
580.2743853,-132.95834,-2.3494744,2.8190401
585.2743852,-132.91254,-2.3488328,2.8355687
590.2743851,-132.99268,-2.3505204,2.8508601
595.274385,-132.94307,-2.3502302,2.8357406
600.2743848,-132.90872,-2.3492453,2.8674233
605.2743847,-132.93924,-2.3506846,2.8409295
610.2743846,-132.93163,-2.351074,2.8623719
615.2743845,-132.92398,-2.352746,2.8857045
620.2743843,-132.95833,-2.3519177,2.923229
625.2743842,-132.96596,-2.3521886,2.8581109
630.2743841,-132.89726,-2.3543267,2.8641245
635.274384,-132.96216,-2.3544259,2.8863916
640.2743838,-132.96979,-2.3534598,2.8492796
645.2743837,-132.93163,-2.3545289,2.8681448
650.2743836,-132.92398,-2.3545022,2.8767354
655.2743834,-132.91635,-2.3523796,2.889828
660.2743833,-132.95453,-2.3552849,2.9155657
665.2743832,-132.95453,-2.3567128,2.8600011
670.2743831,-132.89728,-2.3573961,2.8659458
675.2743829,-132.94307,-2.3565409,2.8860481
680.2743828,-132.93924,-2.3554108,2.909518
685.2743827,-132.98888,-2.3576212,2.8784537
690.2743826,-132.95834,-2.3586369,2.8841925
695.2743824,-132.97742,-2.3581023,2.9031608
700.2743823,-132.96597,-2.3571098,2.9274898
705.2743822,-132.91635,-2.3584001,2.8823712
710.2743821,-132.95834,-2.3593583,2.8919928
715.2743819,-132.91635,-2.3590415,2.916425
720.2743818,-133.01176,-2.3612747,2.8881099
725.2743817,-132.95834,-2.3606107,2.8808591
730.2743816,-132.97742,-2.3598623,2.8801033
735.2743814,-132.95453,-2.3611565,2.8964601
740.2743813,-133.00414,-2.3632104,2.8838832
745.2743812,-132.94688,-2.3624086,2.8984876
750.274381,-132.9736,-2.3610382,2.8774574
755.2743809,-132.96216,-2.3628135,2.8825431
760.2743808,-132.96979,-2.3636038,2.9006867
765.2743807,-133.01939,-2.3640924,2.9247754
770.2743805,-132.9507,-2.3648942,2.8829896
775.2743804,-132.93544,-2.3639932,2.886976
780.2743803,-132.93924,-2.3637717,2.9007213
785.2743802,-132.96216,-2.3654974,2.8762546
790.27438,-132.96596,-2.3671083,2.8816841
795.2743799,-132.92781,-2.3669672,2.9007897
800.2743798,-132.92398,-2.3658218,2.9272492
805.2743797,-132.96216,-2.3659172,2.8936768
810.2743795,-132.9507,-2.36917,2.901099
815.2743794,-132.98506,-2.3673337,2.9237444
820.2743793,-132.99649,-2.3680513,2.8952231
825.2743792,-132.96979,-2.3702273,2.9062877
830.274379,-132.98123,-2.3669937,2.896666
835.2743789,-132.94305,-2.3688493,2.906769
840.2743788,-132.88582,-2.3701968,2.9111674
845.2743786,-132.97742,-2.3711703,2.9358399
850.2743785,-132.93163,-2.3689868,2.9685538
855.2743784,-132.96596,-2.3708458,2.91804
860.2743783,-132.96216,-2.3718729,2.9344654
865.2743781,-132.95451,-2.3712468,2.9513035
870.274378,-132.99268,-2.370384,2.9706843
875.2743779,-133.02321,-2.3723807,2.9176276
880.2743778,-132.92398,-2.3712239,2.9271808
885.2743776,-132.96216,-2.3710177,2.9449463
890.2743775,-132.92398,-2.3721936,2.9273527
895.2743774,-133.00032,-2.3721859,2.9392762
900.2743773,-132.92017,-2.3733695,2.9198611
905.2743771,-132.96216,-2.3711894,2.9357028
910.274377,-132.92398,-2.371659,2.9608908
915.2743769,-132.98123,-2.3728082,2.9167686
920.2743768,-132.93925,-2.3753011,2.9264247
925.2743766,-132.90872,-2.3747096,2.9276273
930.2743765,-132.96596,-2.3752706,2.9452899
935.2743764,-132.96596,-2.3747361,2.9239163
940.2743762,-132.96216,-2.3772979,2.9397233
945.2743761,-132.97742,-2.3769543,2.9526095
950.274376,-132.96977,-2.3769963,2.9737427
955.2743759,-132.94688,-2.3757632,2.9519906
960.2743757,-132.91254,-2.377779,2.9655986
965.2743756,-132.95451,-2.3775232,2.9703748
970.2743755,-132.96596,-2.3778553,2.9909585
975.2743754,-132.98123,-2.3788211,3.0207515
980.2743752,-132.96216,-2.3768971,2.9521625
985.2743751,-132.94688,-2.3790119,2.9744642
990.274375,-132.91635,-2.3777101,3.0070748
995.2743749,-133.01559,-2.3778477,2.9704437
1000.274375,-132.94688,-2.376687,2.9714403
1005.274375,-132.91254,-2.380837,2.998965
1010.274374,-132.9507,-2.3796229,2.9800999
1015.274374,-132.96979,-2.3811882,2.9710622
1020.274374,-132.94307,-2.3822036,2.9821959
1025.274374,-132.87054,-2.381108,3.0059407
1030.274374,-132.93924,-2.3808446,2.9897559
1035.274374,-133.01178,-2.3818524,3.0052192
1040.274374,-132.9507,-2.3811421,3.0137413
1045.274374,-132.92781,-2.3818486,3.0343935
1050.274373,-132.94307,-2.382215,3.0642207
1055.274373,-132.98123,-2.3806841,2.9901683
1060.274373,-132.95833,-2.3824556,3.0021954
1065.274373,-132.9507,-2.3829291,3.0031917
1070.274373,-132.94307,-2.383074,3.0027449
1075.274373,-132.87437,-2.3852539,3.0181396
1080.274373,-132.90872,-2.3849142,3.0119543
1085.274373,-132.92398,-2.383811,3.0372112
1090.274372,-132.99268,-2.38433,3.0717118
1095.274372,-132.98123,-2.3826466,3.1176207
1100.274372,-132.93924,-2.3862047,3.0147719
1105.274372,-132.92398,-2.3850479,3.0297887
1110.274372,-132.98123,-2.383307,3.0207515
1115.274372,-132.89345,-2.3829863,3.0412662
1120.274372,-132.96596,-2.3834481,3.0114734
1125.274372,-132.93924,-2.3859375,3.0117824
1130.274371,-133.00031,-2.3879683,3.0279677
1135.274371,-132.92398,-2.384918,3.0534651
1140.274371,-132.90872,-2.3852885,3.0161467
1145.274371,-132.9507,-2.3855784,3.0269368
1150.274371,-132.90491,-2.3819973,3.0246
1155.274371,-132.92398,-2.3863611,3.0595469
1160.274371,-132.93544,-2.3852196,3.0143597
1165.274371,-132.91635,-2.386636,3.0289986
1170.27437,-132.93925,-2.3855174,3.0410597
1175.27437,-132.95451,-2.3875103,3.067004
1180.27437,-132.96216,-2.3848531,3.0302701
1185.27437,-132.91635,-2.3904614,3.0444274
1190.27437,-132.96597,-2.3892093,3.0625024
1195.27437,-132.86674,-2.3881211,3.0296171
1200.27437,-133.03085,-2.3884265,3.0473828
1205.27437,-132.95834,-2.3878348,3.0197206
1210.274369,-132.92017,-2.3880944,3.0335
1215.274369,-132.90109,-2.3889611,3.0561795
1220.274369,-132.9507,-2.3898735,3.079684
1225.274369,-132.91635,-2.3892779,3.0105796
1230.274369,-132.90109,-2.3894076,3.024703
1235.274369,-132.89728,-2.389549,3.0298231
1240.274369,-133.00032,-2.3901675,3.0520217
1245.274369,-132.96596,-2.3900566,3.0348401
1250.274368,-132.9736,-2.3901329,3.0519187
1255.274368,-132.95833,-2.3905377,3.0914361
1260.274368,-132.96597,-2.392832,3.1183767
1265.274368,-132.98505,-2.3933322,3.0309916
1270.274368,-132.99651,-2.3931069,3.0255964
1275.274368,-132.95451,-2.3943441,3.0414035
1280.274368,-132.94307,-2.3922288,3.0330532
1285.274368,-132.95834,-2.3925116,3.040132
1290.274367,-132.96216,-2.3958673,3.0517123
1295.274367,-132.94307,-2.3963673,3.0696499
1300.274367,-132.95453,-2.3974783,3.1040473
1305.274367,-132.99649,-2.3970585,3.0302701
1310.274367,-132.96979,-2.3958941,3.0411627
1315.274367,-132.95453,-2.3979709,3.0319192
1320.274367,-132.98888,-2.3966269,3.0465925
1325.274367,-132.91635,-2.3967452,3.0706465
1330.274366,-132.91635,-2.3981273,3.0400288
1335.274366,-132.96597,-2.3979366,3.057348
1340.274366,-132.9507,-2.3997498,3.044462
1345.274366,-132.93544,-2.4002883,3.0542552
1350.274366,-132.98123,-2.4007273,3.0677941
1355.274366,-132.96977,-2.399349,3.0370049
1360.274366,-132.92017,-2.399811,3.0586538
1365.274366,-132.95834,-2.3994408,3.04563
1370.274365,-132.8858,-2.400712,3.0516436
1375.274365,-132.93544,-2.3986123,3.0747702
1380.274365,-132.95453,-2.3993185,3.0499253
1385.274365,-132.93544,-2.4005935,3.0593069
1390.274365,-132.93924,-2.4003646,3.076282
1395.274365,-132.94307,-2.4014182,3.0996833
1400.274365,-132.96596,-2.3999178,3.0741513
1405.274364,-132.98506,-2.4012237,3.0472796
1410.274364,-132.99268,-2.4027126,3.0698218
1415.274364,-132.94688,-2.4014716,3.1140125
1420.274364,-132.98886,-2.4027317,3.0765567
1425.274364,-132.94688,-2.4030674,3.0885839
1430.274364,-132.96596,-2.403667,3.1096141
1435.274364,-132.95834,-2.4047282,3.1000612
1440.274364,-132.94307,-2.4045715,3.0865908
1445.274363,-132.92781,-2.4048426,3.0810239
1450.274363,-133.00032,-2.4053123,3.0952163
1455.274363,-132.95834,-2.406179,3.1312628
1460.274363,-132.95451,-2.4072785,3.0754228
1465.274363,-132.9736,-2.4065721,3.0752168
1470.274363,-132.9736,-2.4081566,3.0959377
1475.274363,-132.91254,-2.4065607,3.0736704
1480.274363,-132.9278,-2.4083397,3.1016765
1485.274362,-132.98888,-2.4076908,3.0814364
1490.274362,-133.00032,-2.407855,3.0873127
1495.274362,-132.98506,-2.4086795,3.1140125
1500.274362,-132.91635,-2.4069083,3.1335995
1505.274362,-132.98505,-2.4055185,3.0953193
1510.274362,-132.94688,-2.4068241,3.10202
1515.274362,-132.98888,-2.4068089,3.1102326
1520.274362,-132.92398,-2.4080038,3.1236
1525.274361,-132.94688,-2.4089811,3.148582
1530.274361,-132.95451,-2.4071448,3.1687875
1535.274361,-132.96979,-2.4096532,3.1053188
1540.274361,-132.92398,-2.408607,3.1248026
1545.274361,-132.98123,-2.4112184,3.1531863
1550.274361,-132.98888,-2.4100311,3.1032226
1555.274361,-132.93163,-2.4102409,3.1159024
1560.274361,-132.96216,-2.4087598,3.1114011
1565.27436,-132.93924,-2.4082673,3.1397507
1570.27436,-132.90491,-2.4106076,3.1653852
1575.27436,-132.9736,-2.410825,3.127105
1580.27436,-132.96977,-2.4107373,3.1509185
1585.27436,-132.96216,-2.4113634,3.1859002
1590.27436,-132.924,-2.4111457,3.2178924
1595.27436,-132.97742,-2.4112108,3.1392009
1600.27436,-132.9736,-2.4141006,3.1517434
1605.274359,-132.95453,-2.4112413,3.1704369
1610.274359,-132.91252,-2.4137495,3.2053499
1615.274359,-132.95451,-2.4133906,3.1188233
1620.274359,-132.90491,-2.4121194,3.1397848
1625.274359,-132.96216,-2.413383,3.1654198
1630.274359,-132.96216,-2.4129822,3.122741
1635.274359,-132.92398,-2.4102793,3.1329467
1640.274359,-132.95834,-2.4134135,3.1273799
1645.274358,-132.96597,-2.4121041,3.139029
1650.274358,-132.96216,-2.412879,3.1601279
1655.274358,-132.9736,-2.4153605,3.1415031
1660.274358,-132.90491,-2.4129362,3.1613994
1665.274358,-132.95451,-2.4128714,3.1964154
1670.274358,-132.97742,-2.4137609,3.1563826
1675.274358,-132.93924,-2.4135242,3.1552482
1680.274358,-132.96596,-2.4134517,3.1558671
1685.274357,-132.89345,-2.4141006,3.1806426
1690.274357,-132.96216,-2.4142878,3.1359019
1695.274357,-132.88582,-2.415498,3.1611588
1700.274357,-132.9507,-2.416796,3.1309192
1705.274357,-133.00797,-2.4172504,3.1284108
1710.274357,-132.96216,-2.4173229,3.1410222
1715.274357,-132.98123,-2.4162538,3.135524
1720.274357,-132.92781,-2.4157538,3.149338
1725.274356,-132.98506,-2.4164333,3.1646638
1730.274356,-132.94688,-2.4165974,3.2138371
1735.274356,-132.91635,-2.4169068,3.1670005
1740.274356,-132.89345,-2.4184568,3.168478
1745.274356,-132.96597,-2.4163225,3.1631517
1750.274356,-132.95451,-2.4174795,3.1901956
1755.274356,-133.00032,-2.4166167,3.1848004
1760.274356,-133.00414,-2.4196861,3.1865873
1765.274355,-132.99649,-2.4181933,3.1993017
1770.274355,-132.95834,-2.4194646,3.1645262
1775.274355,-132.92017,-2.4201555,3.1728768
1780.274355,-132.86292,-2.4210222,3.1902986
1785.274355,-132.95451,-2.4194493,3.2209163
1790.274355,-132.9507,-2.4204726,3.1491661
1795.274355,-132.97742,-2.421488,3.1475165
1800.274355,-132.9736,-2.4199877,3.1731515
1805.274354,-132.95451,-2.4216139,3.1563826
1810.274354,-132.98888,-2.4203808,3.1715708
1815.274354,-133.02321,-2.4225683,3.1642859
1820.274354,-132.90109,-2.4213047,3.1879277
1825.274354,-132.9736,-2.4213085,3.1988893
1830.274354,-132.91252,-2.4228051,3.2130816
1835.274354,-132.92781,-2.4211214,3.2253146
1840.274354,-132.94307,-2.423038,3.1740794
1845.274353,-132.92017,-2.419312,3.1783748
1850.274353,-132.99268,-2.4212627,3.1508498
1855.274353,-132.91635,-2.4214001,3.1674817
1860.274353,-132.96597,-2.4239962,3.1381354
1865.274353,-132.96977,-2.4248896,3.1349397
1870.274353,-132.93924,-2.4242673,3.134974
1875.274353,-132.97742,-2.4250615,3.1633582
1880.274353,-132.97742,-2.4258363,3.1445615
1885.274352,-132.94307,-2.4246376,3.1737359
1890.274352,-132.98888,-2.4250689,3.2000577
1895.274352,-132.96596,-2.4239237,3.2387164
1900.274352,-132.95834,-2.4247408,3.2910511
1905.274352,-132.85527,-2.4261684,3.2044561
1910.274352,-132.95834,-2.4264662,3.2299879
1915.274352,-132.93163,-2.427669,3.2174454
1920.274351,-132.95453,-2.4281995,3.2250397
1925.274351,-132.98888,-2.4278102,3.1929445
1930.274351,-132.90109,-2.4268632,3.1845257
1935.274351,-132.93925,-2.4264548,3.1865532
1940.274351,-132.9507,-2.4275963,3.1760378
1945.274351,-132.93544,-2.4283485,3.1560388
1950.274351,-132.89345,-2.4272146,3.1662102
1955.274351,-132.97742,-2.4288332,3.1603341
1960.27435,-132.94688,-2.427604,3.1851788
1965.27435,-132.98506,-2.4274359,3.2248681
1970.27435,-132.92398,-2.4287035,3.169131
1975.27435,-132.95453,-2.4277911,3.1945255
1980.27435,-132.9736,-2.4295013,3.2033911
1985.27435,-132.98505,-2.4290357,3.2310188
1990.27435,-132.96977,-2.4295855,3.2266891
1995.27435,-132.91635,-2.4298909,3.2469633
2000.274349,-132.96596,-2.431582,3.2339742
2005.274349,-132.99268,-2.4295089,3.2440083
2010.274349,-132.97742,-2.4312768,3.2168956
2015.274349,-132.93163,-2.428673,3.1750414
2020.274349,-132.95833,-2.4311392,3.1737359
2025.274349,-132.90872,-2.431628,3.1640108
2030.274349,-132.92781,-2.4321241,3.1951094
2035.274349,-132.91635,-2.4315667,3.1568635
2040.274348,-132.93544,-2.4317768,3.160059
2045.274348,-132.90109,-2.4338498,3.1564167
2050.274348,-132.99651,-2.4339948,3.1730139
2055.274348,-132.92017,-2.4330213,3.1909859
2060.274348,-132.94307,-2.4334452,3.2200572
2065.274348,-132.96979,-2.4342544,3.2754159
2070.274348,-132.93924,-2.4344416,3.3291254
2075.274348,-132.92781,-2.433804,3.2440083
2080.274347,-132.93544,-2.4357891,3.2487159
2085.274347,-132.94688,-2.4340675,3.2288198
2090.274347,-132.94307,-2.4322579,3.2264485
2095.274347,-132.97742,-2.432502,3.2449703
2100.274347,-132.94688,-2.4355104,3.2020507
2105.274347,-132.96979,-2.4336474,3.2171705
2110.274347,-132.96216,-2.4343574,3.1921542
2115.274347,-132.93925,-2.4372323,3.1979959
2120.274346,-132.94307,-2.4362397,3.1781342
2125.274346,-132.98888,-2.437721,3.1762443
2130.274346,-132.90491,-2.4364231,3.1656604
2135.274346,-132.92398,-2.4373314,3.1797493
2140.274346,-132.93544,-2.4373507,3.1745262
2145.274346,-132.90872,-2.4369154,3.1872747
2150.274346,-132.92017,-2.4374804,3.2207444
2155.274346,-132.98125,-2.4360259,3.2141809
2160.274345,-132.98506,-2.4362321,3.2325308
2165.274345,-132.92398,-2.4362512,3.2621174
2170.274345,-132.90491,-2.4352126,3.2635264
2175.274345,-132.93924,-2.4367933,3.2769623
2180.274345,-132.92398,-2.4360182,3.2796772
2185.274345,-132.92017,-2.4371712,3.2989893
2190.274345,-132.9278,-2.4376216,3.2377195
2195.274345,-132.91635,-2.4382095,3.2428398
2200.274344,-132.94688,-2.4392405,3.2009511
2205.274344,-132.95451,-2.4399467,3.2004702
2210.274344,-132.93924,-2.4394503,3.1928074
2215.274344,-132.95451,-2.4424932,3.2086484
2220.274344,-132.92017,-2.4407332,3.1845603
2225.274344,-132.92398,-2.4407828,3.2115693
2230.274344,-132.95834,-2.441951,3.2001266
2235.274344,-132.99268,-2.4427567,3.2168615
2240.274343,-132.92398,-2.4426076,3.2434239
2245.274343,-132.90491,-2.4418554,3.2635953
2250.274343,-132.9278,-2.440649,3.2906046
2255.274343,-132.88963,-2.4411569,3.3205345
2260.274343,-132.93544,-2.442203,3.238029
2265.274343,-132.91635,-2.4432719,3.2380631
2270.274343,-132.91635,-2.4416037,3.2325997
2275.274343,-132.90109,-2.443814,3.2494376
2280.274342,-132.93544,-2.4429054,3.2883708
2285.274342,-132.9507,-2.440649,3.2554166
2290.274342,-132.93544,-2.4439361,3.2697461
2295.274342,-132.97742,-2.4454253,3.2571347
2300.274342,-132.91252,-2.4466162,3.2382009
2305.274342,-132.90491,-2.4455168,3.2486815
2310.274342,-132.88963,-2.4450815,3.263767
2315.274342,-132.83238,-2.4437416,3.2180641
2320.274341,-132.90872,-2.4460361,3.2085109
2325.274341,-132.9278,-2.44683,3.2289228
2330.274341,-132.90491,-2.4472804,3.2292321
2335.274341,-132.90491,-2.4467385,3.262049
2340.274341,-132.90872,-2.4486854,3.2442832
2345.274341,-132.96596,-2.4475632,3.271533
2350.274341,-132.882,-2.4464788,3.2855189
2355.274341,-132.98505,-2.4470439,3.3133872
2360.27434,-132.99268,-2.447567,3.3027003
2365.27434,-132.96596,-2.4475362,3.2999167
2370.27434,-132.89728,-2.4487617,3.3280945
2375.27434,-132.91254,-2.448025,3.2844191
2380.27434,-132.96596,-2.4442456,3.2490251
2385.27434,-132.88963,-2.4473226,3.2250741
2390.27434,-132.96216,-2.4463031,3.2350392
2395.274339,-132.98123,-2.4464788,3.2276514
2400.274339,-132.91252,-2.4465551,3.2458982
2405.274339,-132.9507,-2.4472308,3.2677188
2410.274339,-132.91252,-2.4497619,3.3002262
2415.274339,-132.93544,-2.4499681,3.3573031
2420.274339,-132.91252,-2.4484909,3.4169917
2425.274339,-132.90872,-2.449491,3.2486126
2430.274339,-132.93925,-2.4493916,3.2684402
2435.274338,-132.96216,-2.4495101,3.3058271
2440.274338,-132.94688,-2.450392,3.2924602
2445.274338,-132.96596,-2.4522703,3.3113599
2450.274338,-132.9736,-2.4533584,3.2864809
2455.274338,-132.95834,-2.4482884,3.3123562
2460.274338,-132.95451,-2.449888,3.2943156
2465.274338,-132.92017,-2.4495864,3.2904668
2470.274338,-132.92398,-2.4507508,3.3081639
2475.274337,-132.9507,-2.4516404,3.2636983
2480.274337,-132.92398,-2.4526291,3.2760689
2485.274337,-132.92398,-2.4512281,3.2516024
2490.274337,-132.9736,-2.4519076,3.273423
2495.274337,-132.98506,-2.4538012,3.2453482
2500.274337,-132.93924,-2.454309,3.2453828
2505.274337,-132.92781,-2.454015,3.2647979
2510.274337,-132.99268,-2.455271,3.3140056
2515.274336,-132.9507,-2.4543929,3.2494719
2520.274336,-132.92398,-2.4552023,3.2541797
2525.274336,-132.87819,-2.4560039,3.2915323
2530.274336,-132.96596,-2.4511173,3.3319778
2535.274336,-132.95451,-2.4509113,3.3203974
2540.274336,-132.9507,-2.4512508,3.3571658
2545.274336,-132.95451,-2.4545839,3.3663409
2550.274336,-132.93544,-2.4533851,3.3594682
2555.274335,-132.95453,-2.4546564,3.3046591
2560.274335,-132.93925,-2.4552596,3.3229744
2565.274335,-132.99651,-2.4556527,3.2893329
2570.274335,-132.95834,-2.4571035,3.3032846
2575.274335,-132.96979,-2.4565003,3.3335583
2580.274335,-132.89726,-2.4573593,3.3041091
2585.274335,-132.99268,-2.4565117,3.3206379
2590.274335,-132.96216,-2.4549198,3.2647979
2595.274334,-133.00795,-2.4564698,3.260365
2600.274334,-132.89345,-2.4563706,3.2397814
2605.274334,-132.90109,-2.4567714,3.2368605
2610.274334,-132.94305,-2.4585695,3.2384415
2615.274334,-132.97742,-2.4568591,3.2555542
2620.274334,-132.98888,-2.4576685,3.2477536
2625.274334,-132.90491,-2.4574203,3.2854843
2630.274334,-132.9507,-2.4593253,3.2845566
2635.274333,-132.90109,-2.4583595,3.3056555
2640.274333,-132.91635,-2.4591231,3.3396749
2645.274333,-132.88582,-2.4598331,3.3308094
2650.274333,-132.98123,-2.4579587,3.3654819
2655.274333,-132.95451,-2.4578173,3.3239024
2660.274333,-132.96216,-2.457176,3.3248987
2665.274333,-132.93925,-2.4589436,3.3418055
2670.274333,-132.98505,-2.4602723,3.3156552
2675.274332,-132.94307,-2.4619138,3.3119438
2680.274332,-132.94307,-2.4620438,3.2747633
2685.274332,-132.93163,-2.4626317,3.2874429
2690.274332,-132.882,-2.4626772,3.3262391
2695.274332,-132.9507,-2.4626734,3.3788145
2700.274332,-133.03085,-2.4642503,3.2754159
2705.274332,-132.94305,-2.4631355,3.2936971
2710.274332,-132.9736,-2.4647579,3.317992
2715.274331,-132.96977,-2.4640901,3.2984393
2720.274331,-132.94305,-2.4652505,3.3028722
2725.274331,-132.95451,-2.4608181,3.32672
2730.274331,-133.00031,-2.4643991,3.3609111
2735.274331,-132.93163,-2.4637082,3.4174042
2740.274331,-132.97742,-2.4656246,3.3167546
2745.274331,-132.93925,-2.4646091,3.343833
2750.274331,-132.95451,-2.466644,3.3255517
2755.27433,-132.95451,-2.4673769,3.3455513
2760.27433,-132.95833,-2.4669189,3.2914636
2765.27433,-132.95453,-2.4679954,3.2935255
2770.27433,-132.90872,-2.4692285,3.2747974
2775.27433,-132.9736,-2.469893,3.2813952
2780.27433,-132.96216,-2.4673426,3.2961025
2785.27433,-132.96596,-2.468297,3.2615676
2790.27433,-132.96596,-2.4663196,3.2890239
2795.274329,-133.00795,-2.4680223,3.3234212
2800.274329,-132.92017,-2.4694233,3.2875118
2805.274329,-132.94688,-2.4685338,3.3151741
2810.274329,-132.92781,-2.469805,3.2968929
2815.274329,-132.92781,-2.4701221,3.3185415
2820.274329,-132.93924,-2.4705,3.3265827
2825.274329,-132.94688,-2.4720039,3.2836976
2830.274329,-132.94688,-2.4712176,3.2945905
2835.274328,-132.92017,-2.4685833,3.3242803
2840.274328,-132.96977,-2.4700685,3.2843504
2845.274328,-132.98506,-2.4712558,3.2975113
2850.274328,-132.96596,-2.4709733,3.30514
2855.274328,-132.98123,-2.4721148,3.3370633
2860.274328,-132.88582,-2.4726837,3.3060336
2865.274328,-132.94688,-2.4711413,3.3330085
2870.274327,-132.9736,-2.4729166,3.3057241
2875.274327,-132.96979,-2.4747567,3.3137653
2880.274327,-132.89726,-2.4748902,3.3456883
2885.274327,-132.94307,-2.4739473,3.3242803
2890.274327,-132.92017,-2.4749055,3.3277509
2895.274327,-132.91252,-2.4752605,3.3347952
2900.274327,-132.97742,-2.4769137,3.3216
2905.274327,-132.96597,-2.4729624,3.3213937
2910.274326,-132.94688,-2.4731531,3.340534
2915.274326,-132.89345,-2.4732716,3.3824914
2920.274326,-132.98506,-2.4735389,3.3376477
2925.274326,-132.92017,-2.4749093,3.3903263
2930.274326,-132.90872,-2.4756882,3.3960648
2935.274326,-132.93163,-2.4751155,3.4156172
2940.274326,-132.9507,-2.4776428,3.455513
2945.274326,-132.95451,-2.4780207,3.3166862
2950.274325,-132.88582,-2.4722788,3.3301909
2955.274325,-132.95453,-2.4741192,3.3404996
2960.274325,-133.03467,-2.4741764,3.3013258
2965.274325,-132.9507,-2.4766884,3.3040061
2970.274325,-132.92017,-2.4777803,3.3305345
2975.274325,-132.90491,-2.4798648,3.3089199
2980.274325,-132.91252,-2.4786203,3.3346922
2985.274325,-133.01178,-2.4817355,3.3231463
2990.274324,-132.98123,-2.4831443,3.3458602
2995.274324,-132.95451,-2.4834609,3.3396749
3000.274324,-132.98886,-2.4810674,3.3553789
3005.274324,-132.90872,-2.4806397,3.3406026
3010.274324,-132.94307,-2.4801245,3.3454137
3015.274324,-132.92017,-2.4803383,3.3545539
3020.274324,-132.93163,-2.4833772,3.2936971
3025.274324,-132.93544,-2.4822357,3.3021162
3030.274323,-132.91254,-2.4844842,3.3186445
3035.274323,-132.80566,-2.4846218,3.3476129
3040.274323,-132.87819,-2.4842973,3.2842474
3045.274323,-132.93544,-2.4852784,3.2918072
3050.274323,-132.92017,-2.4848545,3.3112566
3055.274323,-132.93924,-2.4837856,3.3504651
3060.274323,-132.9507,-2.4835641,3.3976796
3065.274323,-132.91254,-2.4863358,3.2767217
3070.274322,-132.9507,-2.4856257,3.273423
3075.274322,-132.98506,-2.4856906,3.273217
3080.274322,-132.92398,-2.4855762,3.2998137
3085.274322,-132.88582,-2.4872634,3.3291941
3090.274322,-132.94688,-2.4874048,3.2842815
3095.274322,-132.92398,-2.4872024,3.3056555
3100.274322,-132.95834,-2.4896228,3.2886114
3105.274322,-132.92781,-2.4890387,3.2885427
3110.274321,-132.924,-2.4893441,3.2833195
3115.274321,-132.93924,-2.4886532,3.3221843
3120.274321,-132.9736,-2.4897335,3.3569593
3125.274321,-132.97742,-2.4902985,3.2482691
3130.274321,-132.96977,-2.488512,3.2499874
3135.274321,-132.95453,-2.4882712,3.2462072
3140.274321,-132.94688,-2.4921618,3.2663443
3145.274321,-132.97742,-2.4895732,3.2321529
3150.27432,-132.96216,-2.4899397,3.2341802
3155.27432,-132.9507,-2.4918294,3.2564821
3160.27432,-132.95451,-2.4909477,3.2657254
3165.27432,-133.00795,-2.4918103,3.2420495
3170.27432,-132.94688,-2.4941163,3.2451422
3175.27432,-132.87819,-2.4919021,3.2514648
3180.27432,-132.92781,-2.4952617,3.2338712
3185.27432,-132.95833,-2.4956472,3.252049
3190.274319,-132.95453,-2.4947996,3.2657254
3195.274319,-132.95834,-2.4965596,3.3032501
3200.274319,-132.98123,-2.4979265,3.2488191
3205.274319,-132.9507,-2.4955823,3.2606745
3210.274319,-132.91635,-2.4981821,3.2767217
3215.274319,-132.93544,-2.496907,3.3164799
3220.274319,-132.97742,-2.4987359,3.3438673
3225.274319,-132.92781,-2.4989419,3.2271359
3230.274318,-132.91635,-2.5019007,3.248991
3235.274318,-132.95453,-2.5007095,3.2901232
3240.274318,-132.95834,-2.4939942,3.2683716
3245.274318,-132.94688,-2.4817889,3.2707081
3250.274318,-132.96979,-2.4831786,3.3053465
3255.274318,-132.91254,-2.4833083,3.2711551
3260.274318,-132.94307,-2.4837246,3.2770653
3265.274318,-132.94305,-2.484236,3.2526333
3270.274317,-132.92017,-2.4848087,3.2735605
3275.274317,-132.92398,-2.4848585,3.3214624
3280.274317,-132.93163,-2.4860456,3.3553445
3285.274317,-132.93544,-2.4871719,3.2914636
3290.274317,-132.90109,-2.4873245,3.3309124
3295.274317,-132.92781,-2.4858203,3.3668563
3300.274317,-132.96977,-2.4865572,3.4078515
3305.274317,-132.9278,-2.4887562,3.2941096
3310.274316,-132.91252,-2.4887104,3.2938347
3315.274316,-132.92781,-2.4878705,3.2775464
3320.274316,-132.93163,-2.4887447,3.2979925
3325.274316,-132.94688,-2.487298,3.3113599
3330.274316,-132.93924,-2.4893594,3.3352077
3335.274316,-132.96596,-2.487504,3.3720791
3340.274316,-132.92017,-2.4900315,3.2938001
3345.274315,-132.91635,-2.49157,3.3130436
3350.274315,-132.89728,-2.490921,3.3476129
3355.274315,-132.9736,-2.4891534,3.3045902
3360.274315,-132.94307,-2.4902527,3.3185074
3365.274315,-132.98125,-2.4925435,3.3380256
3370.274315,-132.9507,-2.4910278,3.351393
3375.274315,-132.91635,-2.4916158,3.382457
3380.274315,-132.93163,-2.4927955,3.43084
3385.274314,-132.9507,-2.4929595,3.295965
3390.274314,-132.94307,-2.4924672,3.3112566
3395.274314,-132.92781,-2.4931238,3.3472693
3400.274314,-132.95453,-2.4937308,3.3881955
3405.274314,-132.91635,-2.4920547,3.3297441
3410.274314,-132.95834,-2.491967,3.3190229
3415.274314,-132.91252,-2.4919517,3.3296065
3420.274314,-132.88963,-2.4924252,3.3528016
3425.274313,-132.92017,-2.4935474,3.3359981
3430.274313,-132.9507,-2.4936199,3.3605332
3435.274313,-132.94307,-2.4932649,3.3329399
3440.274313,-132.90872,-2.494143,3.3366852
3445.274313,-132.95451,-2.4933949,3.3523204
3450.274313,-132.94307,-2.4934788,3.3451388
3455.274313,-132.91252,-2.4947195,3.3337989
3460.274313,-132.9507,-2.4961131,3.3358607
3465.274312,-132.90108,-2.4945707,3.353523
3470.274312,-132.94307,-2.496995,3.3926628
3475.274312,-132.90108,-2.4986441,3.3431799
3480.274312,-132.87819,-2.4978693,3.363729
3485.274312,-132.882,-2.4966054,3.38445
3490.274312,-132.87056,-2.4972353,3.4174731
3495.274312,-132.89345,-2.4990144,3.3583341
3500.274312,-132.97742,-2.5003276,3.3864086
3505.274311,-132.91635,-2.5008087,3.3422179
3510.274311,-132.92017,-2.5018206,3.3571312
3515.274311,-132.90872,-2.5002246,3.3456197
3520.274311,-132.96216,-2.5022404,3.3556538
3525.274311,-132.91635,-2.5018511,3.3451388
3530.274311,-132.93544,-2.501389,3.3495371
3535.274311,-132.95834,-2.5045235,3.3751719
3540.274311,-133.02321,-2.5021985,3.3631449
3545.27431,-132.89728,-2.5053174,3.3657565
3550.27431,-132.9507,-2.5037906,3.3744504
3555.27431,-132.93924,-2.5077493,3.3769245
3560.27431,-132.92017,-2.5058901,3.3989513
3565.27431,-132.93163,-2.5092154,3.3840721
3570.27431,-132.93163,-2.5083678,3.3933158
3575.27431,-132.99268,-2.5095325,3.3854465
3580.27431,-132.98506,-2.5095592,3.4034529
3585.274309,-132.98886,-2.5108953,3.4321115
3590.274309,-132.98888,-2.5111473,3.3983326
3595.274309,-132.924,-2.5106699,3.4108753
3600.274309,-133.00795,-2.5098186,3.43273
3605.274309,-132.90872,-2.5106013,3.4048617
3610.274309,-132.93163,-2.5096087,3.4295342
3615.274309,-132.99649,-2.5102386,3.4082291
3620.274309,-132.95834,-2.5123346,3.4077137
3625.274308,-132.97742,-2.5114603,3.4072328
3630.274308,-132.9736,-2.5118687,3.422112
3635.274308,-132.96216,-2.5085206,3.4007723
3640.274308,-132.96216,-2.5045502,3.4095349
3645.274308,-133.00032,-2.5049319,3.4151363
3650.274308,-132.98886,-2.5020764,3.4009442
3655.274308,-133.00414,-2.5038822,3.4072328
3660.274308,-132.99649,-2.5041685,3.4273353
3665.274307,-132.9736,-2.5055771,3.3977141
3670.274307,-132.99268,-2.5075204,3.4014943
3675.274307,-132.98888,-2.5032139,3.3925941
3680.274307,-132.95833,-2.5050235,3.4166481
3685.274307,-132.98506,-2.5070736,3.4104974
3690.274307,-132.94688,-2.5079899,3.4287097
3695.274307,-132.98888,-2.5065928,3.3968551
3700.274307,-132.94688,-2.5068293,3.4119403
3705.274306,-132.99649,-2.5073829,3.4069576
3710.274306,-132.94688,-2.5067949,3.4279881
3715.274306,-132.96977,-2.5105326,3.441905
3720.274306,-132.98506,-2.5103035,3.4087446
3725.274306,-132.95453,-2.5085015,3.4175072
3730.274306,-132.9507,-2.5109715,3.4246893
3735.274306,-132.92781,-2.514564,3.4437606
3740.274306,-132.96216,-2.5115213,3.421253
3745.274305,-132.91635,-2.5126743,3.4301186
3750.274305,-132.9507,-2.5135791,3.4535885
3755.274305,-132.89726,-2.5131364,3.429122
3760.274305,-132.99651,-2.5150452,3.4352388
3765.274305,-132.99268,-2.5124834,3.4589148
3770.274305,-132.95834,-2.5084059,3.4308746
3775.274305,-132.96216,-2.5036721,3.4428329
3780.274305,-132.90872,-2.5031376,3.4489839
3785.274304,-132.93544,-2.5035231,3.4654095
3790.274304,-132.92017,-2.5052907,3.4890854
3795.274304,-132.90109,-2.5033858,3.5313177
3800.274304,-132.92781,-2.506669,3.5566089
3805.274304,-133.00032,-2.5071998,3.4192255
3810.274304,-132.96216,-2.505394,3.4273353
3815.274304,-132.92781,-2.5074897,3.4430389
3820.274303,-132.98123,-2.5069973,3.42115
3825.274303,-132.93924,-2.5088146,3.4107721
3830.274303,-132.96977,-2.5091047,3.4075077
3835.274303,-132.94307,-2.5098338,3.4014943
3840.274303,-132.90108,-2.511548,3.4079201
3845.274303,-132.94307,-2.5129378,3.3897762
3850.274303,-132.91252,-2.5125597,3.3870959
3855.274303,-132.90491,-2.5116091,3.394381
3860.274302,-132.94307,-2.5130866,3.4111159
3865.274302,-132.94688,-2.5161636,3.3734882
3870.274302,-132.94307,-2.5159347,3.3832471
3875.274302,-132.9507,-2.5165341,3.3974049
3880.274302,-132.96216,-2.5182176,3.418813
3885.274302,-132.95834,-2.5181947,3.3653784
3890.274302,-132.95453,-2.5190423,3.3812542
3895.274302,-132.93163,-2.5205503,3.3824227
3900.274301,-132.9278,-2.520745,3.4032812
3905.274301,-132.93924,-2.5227797,3.4381597
3910.274301,-132.93163,-2.5236578,3.4599113
3915.274301,-132.93163,-2.5264373,3.3990889
3920.274301,-132.9278,-2.5263264,3.4164762
3925.274301,-132.94307,-2.52772,3.4257543
3930.274301,-132.94307,-2.5047486,3.42115
3935.274301,-132.8858,-2.5056763,3.4319742
3940.2743,-132.98506,-2.5067263,3.4479532
3945.2743,-132.92017,-2.5073028,3.4839997
3950.2743,-132.96596,-2.5102232,3.4398777
3955.2743,-132.92017,-2.5107427,3.4581244
3960.2743,-132.91635,-2.5114717,3.4858897
3965.2743,-132.90109,-2.5123422,3.4677804
3970.2743,-132.94307,-2.5116014,3.4859927
3975.2743,-132.9507,-2.513289,3.5166447
3980.274299,-132.94688,-2.5153506,3.5432072
3985.274299,-132.95451,-2.5165265,3.4649627
3990.274299,-132.98123,-2.5193324,3.4735878
3995.274299,-132.90491,-2.5179808,3.4827628
4000.274299,-132.95451,-2.5208366,3.4790859
4005.274299,-132.96979,-2.5218024,3.4684334
4010.274299,-132.94688,-2.5220048,3.4736221
4015.274299,-132.91252,-2.5247192,3.4927969
4020.274298,-132.96216,-2.5231462,3.4723852
4025.274298,-132.8858,-2.5274489,3.4852712
4030.274298,-132.93544,-2.5284452,3.531249
4035.274298,-132.98123,-2.5174923,3.4526606
4040.274298,-132.91252,-2.5113342,3.4563375
4045.274298,-132.94688,-2.510525,3.4664745
4050.274298,-132.94307,-2.514087,3.4459255
4055.274298,-132.96977,-2.5149918,3.4602549
4060.274297,-132.92017,-2.5149076,3.4957521
4065.274297,-132.88963,-2.5174158,3.4562688
4070.274297,-132.90491,-2.5190728,3.4878826
4075.274297,-132.92398,-2.5228944,3.451458
4080.274297,-132.97742,-2.524513,3.4589493
4085.274297,-132.95834,-2.5267236,3.4669559
4090.274297,-132.89345,-2.5273039,3.4819725
4095.274297,-132.91252,-2.5281589,3.4578495
4100.274296,-132.91252,-2.5290637,3.4598427
4105.274296,-132.94688,-2.5308084,3.4794638
4110.274296,-132.92398,-2.5236847,3.4695673
4115.274296,-132.90872,-2.5068369,3.4730723
4120.274296,-132.90491,-2.5062337,3.44084
4125.274296,-132.93925,-2.5079441,3.45486
4130.274296,-132.94305,-2.5097651,3.4814224
4135.274296,-132.9507,-2.5117848,3.4487433
4140.274296,-132.92398,-2.5136821,3.4595678
4145.274296,-132.9278,-2.5121017,3.4680898
4150.274296,-132.91254,-2.5141785,3.4513547
4155.274296,-132.95453,-2.5137393,3.4599802
4160.274296,-132.92398,-2.4975598,3.4631758
4165.274296,-132.91252,-2.4914706,3.4843433
4170.274296,-132.91635,-2.4903903,3.4464753
4175.274296,-132.93925,-2.4905927,3.4611828
4180.274296,-132.92781,-2.4834573,3.467093
4185.274295,-133.00795,-2.4803915,3.4864051
4190.274295,-132.93544,-2.4833655,3.5096691
4195.274295,-132.91635,-2.4845109,3.5282938
4200.274295,-132.91635,-2.4834113,3.4349983
4205.274295,-132.93163,-2.475925,3.442764
4210.274295,-132.92017,-2.4609709,3.4247234
4215.274295,-132.93924,-2.4584551,3.4295001
4220.274295,-132.99268,-2.4562752,3.422318
4225.274295,-132.92398,-2.4540951,3.4329019
4230.274295,-132.90491,-2.45085,3.4478498
4235.274295,-132.96596,-2.4473913,3.4748592
4240.274295,-132.97742,-2.4448638,3.4948242
4245.274295,-132.9736,-2.4168799,3.3869586
4250.274295,-132.93163,-2.4140434,3.3997414
4255.274295,-132.91635,-2.4134974,3.3992605
4260.274295,-132.99268,-2.4128447,3.3803263
4265.274294,-132.92017,-2.408252,3.386821
4270.274294,-132.93163,-2.4077098,3.3612895
4275.274294,-132.94688,-2.4091339,3.3742099
4280.274294,-132.94688,-2.4051559,3.3604646
4285.274294,-132.93544,-2.3832345,3.3634541
4290.274294,-132.90109,-2.3836582,3.340328
4295.274294,-132.94688,-2.3862772,3.3413243
4300.274294,-132.95451,-2.3868995,3.3408775
4305.274294,-132.87437,-2.3859642,3.3502932
4310.274294,-132.98505,-2.3828907,3.3229058
4315.274294,-132.88582,-2.3707237,3.3183699
4320.274294,-132.92017,-2.3740795,3.3252082
4325.274294,-132.93163,-2.375114,3.307683
4330.274294,-132.96596,-2.3646116,3.2730451
4335.274294,-132.99268,-2.3643253,3.2710516
4340.274294,-132.96596,-2.3684447,3.2622893
4345.274294,-132.93163,-2.3587363,3.2672377
4350.274293,-132.96979,-2.3652835,3.2324967
4355.274293,-132.94307,-2.3622446,3.2362077
4360.274293,-132.94688,-2.3559606,3.2494719
4365.274293,-132.96977,-2.360496,3.2137341
4370.274293,-132.95451,-2.349062,3.1910205
4375.274293,-132.98888,-2.3521469,3.1965873
4380.274293,-132.9507,-2.348371,3.2093017
4385.274293,-132.96596,-2.3480618,3.1980302
4390.274293,-132.90491,-2.3447595,3.1887181
4395.274293,-132.91635,-2.3444312,3.1899896
4400.274293,-132.97742,-2.3463552,3.2107103
4405.274293,-132.90108,-2.3450878,3.2360702
4410.274293,-132.95834,-2.3462217,3.1949375
4415.274293,-132.97742,-2.3379829,3.1793711
4420.274293,-132.9507,-2.3519251,3.183907
4425.274293,-132.95834,-2.3431065,3.1820514
4430.274292,-132.91635,-2.3347569,3.1940784
4435.274292,-132.91252,-2.3386893,3.171674
4440.274292,-132.94688,-2.3386853,3.1789587
4445.274292,-132.96977,-2.3380938,3.1839759
4450.274292,-132.98506,-2.3306797,3.1867592
4455.274292,-132.9507,-2.3303514,3.1869998
4460.274292,-132.96216,-2.3315272,3.2003672
4465.274292,-132.96216,-2.3291831,3.2110882
4470.274292,-132.90109,-2.3312294,3.1771033
4475.274292,-132.95453,-2.3309088,3.1786151
4480.274292,-132.87819,-2.3228419,3.1917419
4485.274292,-132.97742,-2.3235557,3.1534271
4490.274292,-132.90872,-2.321605,3.1318812
4495.274292,-132.97742,-2.3189363,3.1266925
4500.274292,-132.9507,-2.3225136,3.1415377
4505.274292,-132.98123,-2.3186119,3.1238749
4510.274292,-132.98123,-2.3204253,3.1184797
4515.274291,-133.00032,-2.320914,3.1077588
4520.274291,-132.98506,-2.317627,3.1030164
4525.274291,-132.96596,-2.3234184,3.1182737
4529.999891,-133.03085,-2.3142025,3.0875187
